ISO-10303-21;
HEADER;
/* Generated by software containing ST-Developer
 * from STEP Tools, Inc. (www.steptools.com) 
 */

FILE_DESCRIPTION(
/* description */ (''),
/* implementation_level */ '2;1');

FILE_NAME(
/* name */ 'PokerChip.step',
/* time_stamp */ '2026-04-19T15:18:17-04:00',
/* author */ (''),
/* organization */ (''),
/* preprocessor_version */ 'ST-DEVELOPER v20.1',
/* originating_system */ 'Autodesk Translation Framework v14.24.0.0',
/* authorisation */ '');

FILE_SCHEMA (('AUTOMOTIVE_DESIGN { 1 0 10303 214 3 1 1 }'));
ENDSEC;

DATA;
#10=MECHANICAL_DESIGN_GEOMETRIC_PRESENTATION_REPRESENTATION('',(#13),#2359);
#11=SHAPE_REPRESENTATION_RELATIONSHIP('SRR','None',#2369,#12);
#12=ADVANCED_BREP_SHAPE_REPRESENTATION('',(#14),#2358);
#13=STYLED_ITEM('',(#2378),#14);
#14=MANIFOLD_SOLID_BREP('Body1',#1407);
#15=FACE_BOUND('',#281,.T.);
#16=FACE_BOUND('',#282,.T.);
#17=FACE_BOUND('',#283,.T.);
#18=FACE_BOUND('',#284,.T.);
#19=FACE_BOUND('',#285,.T.);
#20=FACE_BOUND('',#286,.T.);
#21=FACE_BOUND('',#287,.T.);
#22=FACE_BOUND('',#288,.T.);
#23=FACE_BOUND('',#289,.T.);
#24=FACE_BOUND('',#290,.T.);
#25=FACE_BOUND('',#291,.T.);
#26=FACE_BOUND('',#292,.T.);
#27=FACE_BOUND('',#293,.T.);
#28=FACE_BOUND('',#294,.T.);
#29=FACE_BOUND('',#295,.T.);
#30=FACE_BOUND('',#296,.T.);
#31=FACE_BOUND('',#298,.T.);
#32=FACE_BOUND('',#299,.T.);
#33=FACE_BOUND('',#300,.T.);
#34=FACE_BOUND('',#301,.T.);
#35=FACE_BOUND('',#302,.T.);
#36=FACE_BOUND('',#303,.T.);
#37=FACE_BOUND('',#304,.T.);
#38=FACE_BOUND('',#305,.T.);
#39=FACE_BOUND('',#306,.T.);
#40=FACE_BOUND('',#307,.T.);
#41=FACE_BOUND('',#308,.T.);
#42=FACE_BOUND('',#309,.T.);
#43=FACE_BOUND('',#310,.T.);
#44=FACE_BOUND('',#311,.T.);
#45=FACE_BOUND('',#312,.T.);
#46=FACE_BOUND('',#313,.T.);
#47=CIRCLE('',#1423,0.939020656809833);
#48=CIRCLE('',#1424,0.939020656809833);
#49=CIRCLE('',#1427,1.01478736158818);
#50=CIRCLE('',#1428,1.01478736158818);
#51=CIRCLE('',#1431,1.26421692892439);
#52=CIRCLE('',#1432,1.26421692892439);
#53=CIRCLE('',#1435,1.5);
#54=CIRCLE('',#1436,1.5);
#55=CIRCLE('',#1439,0.939020656809833);
#56=CIRCLE('',#1440,0.939020656809833);
#57=CIRCLE('',#1443,1.01478736158818);
#58=CIRCLE('',#1444,1.01478736158818);
#59=CIRCLE('',#1446,1.26421692892439);
#60=CIRCLE('',#1447,1.26421692892439);
#61=CIRCLE('',#1450,1.5);
#62=CIRCLE('',#1451,1.5);
#63=CIRCLE('',#1455,0.939020656809833);
#64=CIRCLE('',#1456,0.939020656809833);
#65=CIRCLE('',#1459,1.01478736158818);
#66=CIRCLE('',#1460,1.01478736158818);
#67=CIRCLE('',#1463,0.939020656809833);
#68=CIRCLE('',#1464,0.939020656809833);
#69=CIRCLE('',#1467,1.01478736158818);
#70=CIRCLE('',#1468,1.01478736158818);
#71=CIRCLE('',#1471,1.26421692892439);
#72=CIRCLE('',#1472,1.26421692892439);
#73=CIRCLE('',#1475,1.5);
#74=CIRCLE('',#1476,1.5);
#75=CIRCLE('',#1480,0.939020656809833);
#76=CIRCLE('',#1481,0.939020656809833);
#77=CIRCLE('',#1484,1.01478736158818);
#78=CIRCLE('',#1485,1.01478736158818);
#79=CIRCLE('',#1488,0.939020656809833);
#80=CIRCLE('',#1489,0.939020656809833);
#81=CIRCLE('',#1492,1.01478736158818);
#82=CIRCLE('',#1493,1.01478736158818);
#83=CIRCLE('',#1496,0.939020656809833);
#84=CIRCLE('',#1497,0.939020656809833);
#85=CIRCLE('',#1500,1.01478736158818);
#86=CIRCLE('',#1501,1.01478736158818);
#87=CIRCLE('',#1503,1.26421692892439);
#88=CIRCLE('',#1504,1.26421692892439);
#89=CIRCLE('',#1507,1.5);
#90=CIRCLE('',#1508,1.5);
#91=CIRCLE('',#1512,0.939020656809833);
#92=CIRCLE('',#1513,0.939020656809833);
#93=CIRCLE('',#1516,1.01478736158818);
#94=CIRCLE('',#1517,1.01478736158818);
#95=CIRCLE('',#1519,1.5);
#96=CIRCLE('',#1520,1.5);
#97=CIRCLE('',#1523,1.26421692892439);
#98=CIRCLE('',#1524,1.26421692892439);
#99=CIRCLE('',#1528,0.939020656809833);
#100=CIRCLE('',#1529,0.939020656809833);
#101=CIRCLE('',#1532,1.01478736158818);
#102=CIRCLE('',#1533,1.01478736158818);
#103=CIRCLE('',#1535,1.26421692892439);
#104=CIRCLE('',#1536,1.26421692892439);
#105=CIRCLE('',#1539,1.5);
#106=CIRCLE('',#1540,1.5);
#107=CIRCLE('',#1544,0.939020656809833);
#108=CIRCLE('',#1545,0.939020656809833);
#109=CIRCLE('',#1548,1.01478736158818);
#110=CIRCLE('',#1549,1.01478736158818);
#111=CIRCLE('',#1551,1.60676695085503);
#112=CIRCLE('',#1552,1.60676695085503);
#113=CYLINDRICAL_SURFACE('',#1422,0.939020656809833);
#114=CYLINDRICAL_SURFACE('',#1426,1.01478736158818);
#115=CYLINDRICAL_SURFACE('',#1430,1.26421692892439);
#116=CYLINDRICAL_SURFACE('',#1434,1.5);
#117=CYLINDRICAL_SURFACE('',#1438,0.939020656809833);
#118=CYLINDRICAL_SURFACE('',#1442,1.01478736158818);
#119=CYLINDRICAL_SURFACE('',#1445,1.26421692892439);
#120=CYLINDRICAL_SURFACE('',#1449,1.5);
#121=CYLINDRICAL_SURFACE('',#1454,0.939020656809833);
#122=CYLINDRICAL_SURFACE('',#1458,1.01478736158818);
#123=CYLINDRICAL_SURFACE('',#1462,0.939020656809833);
#124=CYLINDRICAL_SURFACE('',#1466,1.01478736158818);
#125=CYLINDRICAL_SURFACE('',#1470,1.26421692892439);
#126=CYLINDRICAL_SURFACE('',#1474,1.5);
#127=CYLINDRICAL_SURFACE('',#1479,0.939020656809833);
#128=CYLINDRICAL_SURFACE('',#1483,1.01478736158818);
#129=CYLINDRICAL_SURFACE('',#1487,0.939020656809833);
#130=CYLINDRICAL_SURFACE('',#1491,1.01478736158818);
#131=CYLINDRICAL_SURFACE('',#1495,0.939020656809833);
#132=CYLINDRICAL_SURFACE('',#1499,1.01478736158818);
#133=CYLINDRICAL_SURFACE('',#1502,1.26421692892439);
#134=CYLINDRICAL_SURFACE('',#1506,1.5);
#135=CYLINDRICAL_SURFACE('',#1511,0.939020656809833);
#136=CYLINDRICAL_SURFACE('',#1515,1.01478736158818);
#137=CYLINDRICAL_SURFACE('',#1518,1.5);
#138=CYLINDRICAL_SURFACE('',#1522,1.26421692892439);
#139=CYLINDRICAL_SURFACE('',#1527,0.939020656809833);
#140=CYLINDRICAL_SURFACE('',#1531,1.01478736158818);
#141=CYLINDRICAL_SURFACE('',#1534,1.26421692892439);
#142=CYLINDRICAL_SURFACE('',#1538,1.5);
#143=CYLINDRICAL_SURFACE('',#1543,0.939020656809833);
#144=CYLINDRICAL_SURFACE('',#1547,1.01478736158818);
#145=CYLINDRICAL_SURFACE('',#1550,1.60676695085503);
#146=FACE_OUTER_BOUND('',#214,.T.);
#147=FACE_OUTER_BOUND('',#215,.T.);
#148=FACE_OUTER_BOUND('',#216,.T.);
#149=FACE_OUTER_BOUND('',#217,.T.);
#150=FACE_OUTER_BOUND('',#218,.T.);
#151=FACE_OUTER_BOUND('',#219,.T.);
#152=FACE_OUTER_BOUND('',#220,.T.);
#153=FACE_OUTER_BOUND('',#221,.T.);
#154=FACE_OUTER_BOUND('',#222,.T.);
#155=FACE_OUTER_BOUND('',#223,.T.);
#156=FACE_OUTER_BOUND('',#224,.T.);
#157=FACE_OUTER_BOUND('',#225,.T.);
#158=FACE_OUTER_BOUND('',#226,.T.);
#159=FACE_OUTER_BOUND('',#227,.T.);
#160=FACE_OUTER_BOUND('',#228,.T.);
#161=FACE_OUTER_BOUND('',#229,.T.);
#162=FACE_OUTER_BOUND('',#230,.T.);
#163=FACE_OUTER_BOUND('',#231,.T.);
#164=FACE_OUTER_BOUND('',#232,.T.);
#165=FACE_OUTER_BOUND('',#233,.T.);
#166=FACE_OUTER_BOUND('',#234,.T.);
#167=FACE_OUTER_BOUND('',#235,.T.);
#168=FACE_OUTER_BOUND('',#236,.T.);
#169=FACE_OUTER_BOUND('',#237,.T.);
#170=FACE_OUTER_BOUND('',#238,.T.);
#171=FACE_OUTER_BOUND('',#239,.T.);
#172=FACE_OUTER_BOUND('',#240,.T.);
#173=FACE_OUTER_BOUND('',#241,.T.);
#174=FACE_OUTER_BOUND('',#242,.T.);
#175=FACE_OUTER_BOUND('',#243,.T.);
#176=FACE_OUTER_BOUND('',#244,.T.);
#177=FACE_OUTER_BOUND('',#245,.T.);
#178=FACE_OUTER_BOUND('',#246,.T.);
#179=FACE_OUTER_BOUND('',#247,.T.);
#180=FACE_OUTER_BOUND('',#248,.T.);
#181=FACE_OUTER_BOUND('',#249,.T.);
#182=FACE_OUTER_BOUND('',#250,.T.);
#183=FACE_OUTER_BOUND('',#251,.T.);
#184=FACE_OUTER_BOUND('',#252,.T.);
#185=FACE_OUTER_BOUND('',#253,.T.);
#186=FACE_OUTER_BOUND('',#254,.T.);
#187=FACE_OUTER_BOUND('',#255,.T.);
#188=FACE_OUTER_BOUND('',#256,.T.);
#189=FACE_OUTER_BOUND('',#257,.T.);
#190=FACE_OUTER_BOUND('',#258,.T.);
#191=FACE_OUTER_BOUND('',#259,.T.);
#192=FACE_OUTER_BOUND('',#260,.T.);
#193=FACE_OUTER_BOUND('',#261,.T.);
#194=FACE_OUTER_BOUND('',#262,.T.);
#195=FACE_OUTER_BOUND('',#263,.T.);
#196=FACE_OUTER_BOUND('',#264,.T.);
#197=FACE_OUTER_BOUND('',#265,.T.);
#198=FACE_OUTER_BOUND('',#266,.T.);
#199=FACE_OUTER_BOUND('',#267,.T.);
#200=FACE_OUTER_BOUND('',#268,.T.);
#201=FACE_OUTER_BOUND('',#269,.T.);
#202=FACE_OUTER_BOUND('',#270,.T.);
#203=FACE_OUTER_BOUND('',#271,.T.);
#204=FACE_OUTER_BOUND('',#272,.T.);
#205=FACE_OUTER_BOUND('',#273,.T.);
#206=FACE_OUTER_BOUND('',#274,.T.);
#207=FACE_OUTER_BOUND('',#275,.T.);
#208=FACE_OUTER_BOUND('',#276,.T.);
#209=FACE_OUTER_BOUND('',#277,.T.);
#210=FACE_OUTER_BOUND('',#278,.T.);
#211=FACE_OUTER_BOUND('',#279,.T.);
#212=FACE_OUTER_BOUND('',#280,.T.);
#213=FACE_OUTER_BOUND('',#297,.T.);
#214=EDGE_LOOP('',(#908,#909,#910,#911));
#215=EDGE_LOOP('',(#912,#913,#914,#915));
#216=EDGE_LOOP('',(#916,#917,#918,#919));
#217=EDGE_LOOP('',(#920,#921,#922,#923));
#218=EDGE_LOOP('',(#924,#925,#926,#927));
#219=EDGE_LOOP('',(#928,#929,#930,#931));
#220=EDGE_LOOP('',(#932,#933,#934,#935));
#221=EDGE_LOOP('',(#936,#937,#938,#939));
#222=EDGE_LOOP('',(#940,#941,#942,#943));
#223=EDGE_LOOP('',(#944,#945,#946,#947));
#224=EDGE_LOOP('',(#948,#949,#950,#951));
#225=EDGE_LOOP('',(#952,#953,#954,#955));
#226=EDGE_LOOP('',(#956,#957,#958,#959));
#227=EDGE_LOOP('',(#960,#961,#962,#963));
#228=EDGE_LOOP('',(#964,#965,#966,#967));
#229=EDGE_LOOP('',(#968,#969,#970,#971));
#230=EDGE_LOOP('',(#972,#973,#974,#975));
#231=EDGE_LOOP('',(#976,#977,#978,#979));
#232=EDGE_LOOP('',(#980,#981,#982,#983));
#233=EDGE_LOOP('',(#984,#985,#986,#987));
#234=EDGE_LOOP('',(#988,#989,#990,#991));
#235=EDGE_LOOP('',(#992,#993,#994,#995));
#236=EDGE_LOOP('',(#996,#997,#998,#999));
#237=EDGE_LOOP('',(#1000,#1001,#1002,#1003));
#238=EDGE_LOOP('',(#1004,#1005,#1006,#1007));
#239=EDGE_LOOP('',(#1008,#1009,#1010,#1011));
#240=EDGE_LOOP('',(#1012,#1013,#1014,#1015));
#241=EDGE_LOOP('',(#1016,#1017,#1018,#1019));
#242=EDGE_LOOP('',(#1020,#1021,#1022,#1023));
#243=EDGE_LOOP('',(#1024,#1025,#1026,#1027));
#244=EDGE_LOOP('',(#1028,#1029,#1030,#1031));
#245=EDGE_LOOP('',(#1032,#1033,#1034,#1035));
#246=EDGE_LOOP('',(#1036,#1037,#1038,#1039));
#247=EDGE_LOOP('',(#1040,#1041,#1042,#1043));
#248=EDGE_LOOP('',(#1044,#1045,#1046,#1047));
#249=EDGE_LOOP('',(#1048,#1049,#1050,#1051));
#250=EDGE_LOOP('',(#1052,#1053,#1054,#1055));
#251=EDGE_LOOP('',(#1056,#1057,#1058,#1059));
#252=EDGE_LOOP('',(#1060,#1061,#1062,#1063));
#253=EDGE_LOOP('',(#1064,#1065,#1066,#1067));
#254=EDGE_LOOP('',(#1068,#1069,#1070,#1071));
#255=EDGE_LOOP('',(#1072,#1073,#1074,#1075));
#256=EDGE_LOOP('',(#1076,#1077,#1078,#1079));
#257=EDGE_LOOP('',(#1080,#1081,#1082,#1083));
#258=EDGE_LOOP('',(#1084,#1085,#1086,#1087));
#259=EDGE_LOOP('',(#1088,#1089,#1090,#1091));
#260=EDGE_LOOP('',(#1092,#1093,#1094,#1095));
#261=EDGE_LOOP('',(#1096,#1097,#1098,#1099));
#262=EDGE_LOOP('',(#1100,#1101,#1102,#1103));
#263=EDGE_LOOP('',(#1104,#1105,#1106,#1107));
#264=EDGE_LOOP('',(#1108,#1109,#1110,#1111));
#265=EDGE_LOOP('',(#1112,#1113,#1114,#1115));
#266=EDGE_LOOP('',(#1116,#1117,#1118,#1119));
#267=EDGE_LOOP('',(#1120,#1121,#1122,#1123));
#268=EDGE_LOOP('',(#1124,#1125,#1126,#1127));
#269=EDGE_LOOP('',(#1128,#1129,#1130,#1131));
#270=EDGE_LOOP('',(#1132,#1133,#1134,#1135));
#271=EDGE_LOOP('',(#1136,#1137,#1138,#1139));
#272=EDGE_LOOP('',(#1140,#1141,#1142,#1143));
#273=EDGE_LOOP('',(#1144,#1145,#1146,#1147));
#274=EDGE_LOOP('',(#1148,#1149,#1150,#1151));
#275=EDGE_LOOP('',(#1152,#1153,#1154,#1155));
#276=EDGE_LOOP('',(#1156,#1157,#1158,#1159));
#277=EDGE_LOOP('',(#1160,#1161,#1162,#1163));
#278=EDGE_LOOP('',(#1164,#1165,#1166,#1167));
#279=EDGE_LOOP('',(#1168,#1169,#1170,#1171));
#280=EDGE_LOOP('',(#1172));
#281=EDGE_LOOP('',(#1173,#1174,#1175,#1176));
#282=EDGE_LOOP('',(#1177,#1178,#1179,#1180));
#283=EDGE_LOOP('',(#1181,#1182,#1183,#1184));
#284=EDGE_LOOP('',(#1185,#1186,#1187,#1188));
#285=EDGE_LOOP('',(#1189,#1190,#1191,#1192));
#286=EDGE_LOOP('',(#1193,#1194,#1195,#1196));
#287=EDGE_LOOP('',(#1197,#1198,#1199,#1200));
#288=EDGE_LOOP('',(#1201,#1202,#1203,#1204));
#289=EDGE_LOOP('',(#1205,#1206,#1207,#1208));
#290=EDGE_LOOP('',(#1209,#1210,#1211,#1212,#1213));
#291=EDGE_LOOP('',(#1214,#1215,#1216,#1217));
#292=EDGE_LOOP('',(#1218,#1219,#1220,#1221));
#293=EDGE_LOOP('',(#1222,#1223,#1224,#1225));
#294=EDGE_LOOP('',(#1226,#1227,#1228,#1229));
#295=EDGE_LOOP('',(#1230,#1231,#1232,#1233));
#296=EDGE_LOOP('',(#1234,#1235,#1236,#1237));
#297=EDGE_LOOP('',(#1238));
#298=EDGE_LOOP('',(#1239,#1240,#1241,#1242));
#299=EDGE_LOOP('',(#1243,#1244,#1245,#1246));
#300=EDGE_LOOP('',(#1247,#1248,#1249,#1250));
#301=EDGE_LOOP('',(#1251,#1252,#1253,#1254));
#302=EDGE_LOOP('',(#1255,#1256,#1257,#1258));
#303=EDGE_LOOP('',(#1259,#1260,#1261,#1262));
#304=EDGE_LOOP('',(#1263,#1264,#1265,#1266));
#305=EDGE_LOOP('',(#1267,#1268,#1269,#1270));
#306=EDGE_LOOP('',(#1271,#1272,#1273,#1274));
#307=EDGE_LOOP('',(#1275,#1276,#1277,#1278,#1279));
#308=EDGE_LOOP('',(#1280,#1281,#1282,#1283));
#309=EDGE_LOOP('',(#1284,#1285,#1286,#1287));
#310=EDGE_LOOP('',(#1288,#1289,#1290,#1291));
#311=EDGE_LOOP('',(#1292,#1293,#1294,#1295));
#312=EDGE_LOOP('',(#1296,#1297,#1298,#1299));
#313=EDGE_LOOP('',(#1300,#1301,#1302,#1303));
#314=LINE('',#1961,#446);
#315=LINE('',#1963,#447);
#316=LINE('',#1965,#448);
#317=LINE('',#1966,#449);
#318=LINE('',#1972,#450);
#319=LINE('',#1975,#451);
#320=LINE('',#1977,#452);
#321=LINE('',#1978,#453);
#322=LINE('',#1985,#454);
#323=LINE('',#1987,#455);
#324=LINE('',#1989,#456);
#325=LINE('',#1990,#457);
#326=LINE('',#1996,#458);
#327=LINE('',#1999,#459);
#328=LINE('',#2001,#460);
#329=LINE('',#2002,#461);
#330=LINE('',#2009,#462);
#331=LINE('',#2011,#463);
#332=LINE('',#2013,#464);
#333=LINE('',#2014,#465);
#334=LINE('',#2020,#466);
#335=LINE('',#2023,#467);
#336=LINE('',#2025,#468);
#337=LINE('',#2026,#469);
#338=LINE('',#2035,#470);
#339=LINE('',#2038,#471);
#340=LINE('',#2041,#472);
#341=LINE('',#2043,#473);
#342=LINE('',#2044,#474);
#343=LINE('',#2050,#475);
#344=LINE('',#2052,#476);
#345=LINE('',#2053,#477);
#346=LINE('',#2057,#478);
#347=LINE('',#2059,#479);
#348=LINE('',#2061,#480);
#349=LINE('',#2062,#481);
#350=LINE('',#2068,#482);
#351=LINE('',#2071,#483);
#352=LINE('',#2073,#484);
#353=LINE('',#2074,#485);
#354=LINE('',#2081,#486);
#355=LINE('',#2083,#487);
#356=LINE('',#2085,#488);
#357=LINE('',#2086,#489);
#358=LINE('',#2092,#490);
#359=LINE('',#2095,#491);
#360=LINE('',#2097,#492);
#361=LINE('',#2098,#493);
#362=LINE('',#2105,#494);
#363=LINE('',#2107,#495);
#364=LINE('',#2109,#496);
#365=LINE('',#2110,#497);
#366=LINE('',#2116,#498);
#367=LINE('',#2119,#499);
#368=LINE('',#2121,#500);
#369=LINE('',#2122,#501);
#370=LINE('',#2128,#502);
#371=LINE('',#2130,#503);
#372=LINE('',#2131,#504);
#373=LINE('',#2135,#505);
#374=LINE('',#2137,#506);
#375=LINE('',#2139,#507);
#376=LINE('',#2140,#508);
#377=LINE('',#2146,#509);
#378=LINE('',#2149,#510);
#379=LINE('',#2151,#511);
#380=LINE('',#2152,#512);
#381=LINE('',#2159,#513);
#382=LINE('',#2161,#514);
#383=LINE('',#2163,#515);
#384=LINE('',#2164,#516);
#385=LINE('',#2170,#517);
#386=LINE('',#2173,#518);
#387=LINE('',#2175,#519);
#388=LINE('',#2176,#520);
#389=LINE('',#2183,#521);
#390=LINE('',#2185,#522);
#391=LINE('',#2187,#523);
#392=LINE('',#2188,#524);
#393=LINE('',#2194,#525);
#394=LINE('',#2197,#526);
#395=LINE('',#2199,#527);
#396=LINE('',#2200,#528);
#397=LINE('',#2209,#529);
#398=LINE('',#2212,#530);
#399=LINE('',#2215,#531);
#400=LINE('',#2217,#532);
#401=LINE('',#2218,#533);
#402=LINE('',#2224,#534);
#403=LINE('',#2226,#535);
#404=LINE('',#2227,#536);
#405=LINE('',#2231,#537);
#406=LINE('',#2233,#538);
#407=LINE('',#2235,#539);
#408=LINE('',#2236,#540);
#409=LINE('',#2242,#541);
#410=LINE('',#2245,#542);
#411=LINE('',#2247,#543);
#412=LINE('',#2248,#544);
#413=LINE('',#2257,#545);
#414=LINE('',#2260,#546);
#415=LINE('',#2263,#547);
#416=LINE('',#2265,#548);
#417=LINE('',#2266,#549);
#418=LINE('',#2272,#550);
#419=LINE('',#2274,#551);
#420=LINE('',#2275,#552);
#421=LINE('',#2279,#553);
#422=LINE('',#2281,#554);
#423=LINE('',#2283,#555);
#424=LINE('',#2284,#556);
#425=LINE('',#2290,#557);
#426=LINE('',#2293,#558);
#427=LINE('',#2295,#559);
#428=LINE('',#2296,#560);
#429=LINE('',#2305,#561);
#430=LINE('',#2308,#562);
#431=LINE('',#2311,#563);
#432=LINE('',#2313,#564);
#433=LINE('',#2314,#565);
#434=LINE('',#2320,#566);
#435=LINE('',#2322,#567);
#436=LINE('',#2323,#568);
#437=LINE('',#2327,#569);
#438=LINE('',#2329,#570);
#439=LINE('',#2331,#571);
#440=LINE('',#2332,#572);
#441=LINE('',#2338,#573);
#442=LINE('',#2341,#574);
#443=LINE('',#2343,#575);
#444=LINE('',#2344,#576);
#445=LINE('',#2352,#577);
#446=VECTOR('',#1559,0.393700787401575);
#447=VECTOR('',#1560,0.393700787401575);
#448=VECTOR('',#1561,0.393700787401575);
#449=VECTOR('',#1562,0.393700787401575);
#450=VECTOR('',#1569,0.393700787401575);
#451=VECTOR('',#1572,0.393700787401575);
#452=VECTOR('',#1573,0.393700787401575);
#453=VECTOR('',#1574,0.393700787401575);
#454=VECTOR('',#1583,0.393700787401575);
#455=VECTOR('',#1584,0.393700787401575);
#456=VECTOR('',#1585,0.393700787401575);
#457=VECTOR('',#1586,0.393700787401575);
#458=VECTOR('',#1593,0.393700787401575);
#459=VECTOR('',#1596,0.393700787401575);
#460=VECTOR('',#1597,0.393700787401575);
#461=VECTOR('',#1598,0.393700787401575);
#462=VECTOR('',#1607,0.393700787401575);
#463=VECTOR('',#1608,0.393700787401575);
#464=VECTOR('',#1609,0.393700787401575);
#465=VECTOR('',#1610,0.393700787401575);
#466=VECTOR('',#1617,0.393700787401575);
#467=VECTOR('',#1620,0.393700787401575);
#468=VECTOR('',#1621,0.393700787401575);
#469=VECTOR('',#1622,0.393700787401575);
#470=VECTOR('',#1633,0.393700787401575);
#471=VECTOR('',#1636,0.393700787401575);
#472=VECTOR('',#1639,0.393700787401575);
#473=VECTOR('',#1640,0.393700787401575);
#474=VECTOR('',#1641,0.393700787401575);
#475=VECTOR('',#1648,0.393700787401575);
#476=VECTOR('',#1651,0.393700787401575);
#477=VECTOR('',#1652,0.393700787401575);
#478=VECTOR('',#1655,0.393700787401575);
#479=VECTOR('',#1656,0.393700787401575);
#480=VECTOR('',#1657,0.393700787401575);
#481=VECTOR('',#1658,0.393700787401575);
#482=VECTOR('',#1665,0.393700787401575);
#483=VECTOR('',#1668,0.393700787401575);
#484=VECTOR('',#1669,0.393700787401575);
#485=VECTOR('',#1670,0.393700787401575);
#486=VECTOR('',#1679,0.393700787401575);
#487=VECTOR('',#1680,0.393700787401575);
#488=VECTOR('',#1681,0.393700787401575);
#489=VECTOR('',#1682,0.393700787401575);
#490=VECTOR('',#1689,0.393700787401575);
#491=VECTOR('',#1692,0.393700787401575);
#492=VECTOR('',#1693,0.393700787401575);
#493=VECTOR('',#1694,0.393700787401575);
#494=VECTOR('',#1703,0.393700787401575);
#495=VECTOR('',#1704,0.393700787401575);
#496=VECTOR('',#1705,0.393700787401575);
#497=VECTOR('',#1706,0.393700787401575);
#498=VECTOR('',#1713,0.393700787401575);
#499=VECTOR('',#1716,0.393700787401575);
#500=VECTOR('',#1717,0.393700787401575);
#501=VECTOR('',#1718,0.393700787401575);
#502=VECTOR('',#1725,0.393700787401575);
#503=VECTOR('',#1728,0.393700787401575);
#504=VECTOR('',#1729,0.393700787401575);
#505=VECTOR('',#1732,0.393700787401575);
#506=VECTOR('',#1733,0.393700787401575);
#507=VECTOR('',#1734,0.393700787401575);
#508=VECTOR('',#1735,0.393700787401575);
#509=VECTOR('',#1742,0.393700787401575);
#510=VECTOR('',#1745,0.393700787401575);
#511=VECTOR('',#1746,0.393700787401575);
#512=VECTOR('',#1747,0.393700787401575);
#513=VECTOR('',#1756,0.393700787401575);
#514=VECTOR('',#1757,0.393700787401575);
#515=VECTOR('',#1758,0.393700787401575);
#516=VECTOR('',#1759,0.393700787401575);
#517=VECTOR('',#1766,0.393700787401575);
#518=VECTOR('',#1769,0.393700787401575);
#519=VECTOR('',#1770,0.393700787401575);
#520=VECTOR('',#1771,0.393700787401575);
#521=VECTOR('',#1780,0.393700787401575);
#522=VECTOR('',#1781,0.393700787401575);
#523=VECTOR('',#1782,0.393700787401575);
#524=VECTOR('',#1783,0.393700787401575);
#525=VECTOR('',#1790,0.393700787401575);
#526=VECTOR('',#1793,0.393700787401575);
#527=VECTOR('',#1794,0.393700787401575);
#528=VECTOR('',#1795,0.393700787401575);
#529=VECTOR('',#1806,0.393700787401575);
#530=VECTOR('',#1809,0.393700787401575);
#531=VECTOR('',#1812,0.393700787401575);
#532=VECTOR('',#1813,0.393700787401575);
#533=VECTOR('',#1814,0.393700787401575);
#534=VECTOR('',#1821,0.393700787401575);
#535=VECTOR('',#1824,0.393700787401575);
#536=VECTOR('',#1825,0.393700787401575);
#537=VECTOR('',#1828,0.393700787401575);
#538=VECTOR('',#1829,0.393700787401575);
#539=VECTOR('',#1830,0.393700787401575);
#540=VECTOR('',#1831,0.393700787401575);
#541=VECTOR('',#1838,0.393700787401575);
#542=VECTOR('',#1841,0.393700787401575);
#543=VECTOR('',#1842,0.393700787401575);
#544=VECTOR('',#1843,0.393700787401575);
#545=VECTOR('',#1854,0.393700787401575);
#546=VECTOR('',#1857,0.393700787401575);
#547=VECTOR('',#1860,0.393700787401575);
#548=VECTOR('',#1861,0.393700787401575);
#549=VECTOR('',#1862,0.393700787401575);
#550=VECTOR('',#1869,0.393700787401575);
#551=VECTOR('',#1872,0.393700787401575);
#552=VECTOR('',#1873,0.393700787401575);
#553=VECTOR('',#1876,0.393700787401575);
#554=VECTOR('',#1877,0.393700787401575);
#555=VECTOR('',#1878,0.393700787401575);
#556=VECTOR('',#1879,0.393700787401575);
#557=VECTOR('',#1886,0.393700787401575);
#558=VECTOR('',#1889,0.393700787401575);
#559=VECTOR('',#1890,0.393700787401575);
#560=VECTOR('',#1891,0.393700787401575);
#561=VECTOR('',#1902,0.393700787401575);
#562=VECTOR('',#1905,0.393700787401575);
#563=VECTOR('',#1908,0.393700787401575);
#564=VECTOR('',#1909,0.393700787401575);
#565=VECTOR('',#1910,0.393700787401575);
#566=VECTOR('',#1917,0.393700787401575);
#567=VECTOR('',#1920,0.393700787401575);
#568=VECTOR('',#1921,0.393700787401575);
#569=VECTOR('',#1924,0.393700787401575);
#570=VECTOR('',#1925,0.393700787401575);
#571=VECTOR('',#1926,0.393700787401575);
#572=VECTOR('',#1927,0.393700787401575);
#573=VECTOR('',#1934,0.393700787401575);
#574=VECTOR('',#1937,0.393700787401575);
#575=VECTOR('',#1938,0.393700787401575);
#576=VECTOR('',#1939,0.393700787401575);
#577=VECTOR('',#1950,1.60676695085503);
#578=VERTEX_POINT('',#1959);
#579=VERTEX_POINT('',#1960);
#580=VERTEX_POINT('',#1962);
#581=VERTEX_POINT('',#1964);
#582=VERTEX_POINT('',#1968);
#583=VERTEX_POINT('',#1970);
#584=VERTEX_POINT('',#1974);
#585=VERTEX_POINT('',#1976);
#586=VERTEX_POINT('',#1983);
#587=VERTEX_POINT('',#1984);
#588=VERTEX_POINT('',#1986);
#589=VERTEX_POINT('',#1988);
#590=VERTEX_POINT('',#1992);
#591=VERTEX_POINT('',#1994);
#592=VERTEX_POINT('',#1998);
#593=VERTEX_POINT('',#2000);
#594=VERTEX_POINT('',#2007);
#595=VERTEX_POINT('',#2008);
#596=VERTEX_POINT('',#2010);
#597=VERTEX_POINT('',#2012);
#598=VERTEX_POINT('',#2016);
#599=VERTEX_POINT('',#2018);
#600=VERTEX_POINT('',#2022);
#601=VERTEX_POINT('',#2024);
#602=VERTEX_POINT('',#2031);
#603=VERTEX_POINT('',#2032);
#604=VERTEX_POINT('',#2034);
#605=VERTEX_POINT('',#2036);
#606=VERTEX_POINT('',#2040);
#607=VERTEX_POINT('',#2042);
#608=VERTEX_POINT('',#2046);
#609=VERTEX_POINT('',#2048);
#610=VERTEX_POINT('',#2055);
#611=VERTEX_POINT('',#2056);
#612=VERTEX_POINT('',#2058);
#613=VERTEX_POINT('',#2060);
#614=VERTEX_POINT('',#2064);
#615=VERTEX_POINT('',#2066);
#616=VERTEX_POINT('',#2070);
#617=VERTEX_POINT('',#2072);
#618=VERTEX_POINT('',#2079);
#619=VERTEX_POINT('',#2080);
#620=VERTEX_POINT('',#2082);
#621=VERTEX_POINT('',#2084);
#622=VERTEX_POINT('',#2088);
#623=VERTEX_POINT('',#2090);
#624=VERTEX_POINT('',#2094);
#625=VERTEX_POINT('',#2096);
#626=VERTEX_POINT('',#2103);
#627=VERTEX_POINT('',#2104);
#628=VERTEX_POINT('',#2106);
#629=VERTEX_POINT('',#2108);
#630=VERTEX_POINT('',#2112);
#631=VERTEX_POINT('',#2114);
#632=VERTEX_POINT('',#2118);
#633=VERTEX_POINT('',#2120);
#634=VERTEX_POINT('',#2124);
#635=VERTEX_POINT('',#2126);
#636=VERTEX_POINT('',#2133);
#637=VERTEX_POINT('',#2134);
#638=VERTEX_POINT('',#2136);
#639=VERTEX_POINT('',#2138);
#640=VERTEX_POINT('',#2142);
#641=VERTEX_POINT('',#2144);
#642=VERTEX_POINT('',#2148);
#643=VERTEX_POINT('',#2150);
#644=VERTEX_POINT('',#2157);
#645=VERTEX_POINT('',#2158);
#646=VERTEX_POINT('',#2160);
#647=VERTEX_POINT('',#2162);
#648=VERTEX_POINT('',#2166);
#649=VERTEX_POINT('',#2168);
#650=VERTEX_POINT('',#2172);
#651=VERTEX_POINT('',#2174);
#652=VERTEX_POINT('',#2181);
#653=VERTEX_POINT('',#2182);
#654=VERTEX_POINT('',#2184);
#655=VERTEX_POINT('',#2186);
#656=VERTEX_POINT('',#2190);
#657=VERTEX_POINT('',#2192);
#658=VERTEX_POINT('',#2196);
#659=VERTEX_POINT('',#2198);
#660=VERTEX_POINT('',#2205);
#661=VERTEX_POINT('',#2206);
#662=VERTEX_POINT('',#2208);
#663=VERTEX_POINT('',#2210);
#664=VERTEX_POINT('',#2214);
#665=VERTEX_POINT('',#2216);
#666=VERTEX_POINT('',#2220);
#667=VERTEX_POINT('',#2222);
#668=VERTEX_POINT('',#2229);
#669=VERTEX_POINT('',#2230);
#670=VERTEX_POINT('',#2232);
#671=VERTEX_POINT('',#2234);
#672=VERTEX_POINT('',#2238);
#673=VERTEX_POINT('',#2240);
#674=VERTEX_POINT('',#2244);
#675=VERTEX_POINT('',#2246);
#676=VERTEX_POINT('',#2253);
#677=VERTEX_POINT('',#2254);
#678=VERTEX_POINT('',#2256);
#679=VERTEX_POINT('',#2258);
#680=VERTEX_POINT('',#2262);
#681=VERTEX_POINT('',#2264);
#682=VERTEX_POINT('',#2268);
#683=VERTEX_POINT('',#2270);
#684=VERTEX_POINT('',#2277);
#685=VERTEX_POINT('',#2278);
#686=VERTEX_POINT('',#2280);
#687=VERTEX_POINT('',#2282);
#688=VERTEX_POINT('',#2286);
#689=VERTEX_POINT('',#2288);
#690=VERTEX_POINT('',#2292);
#691=VERTEX_POINT('',#2294);
#692=VERTEX_POINT('',#2301);
#693=VERTEX_POINT('',#2302);
#694=VERTEX_POINT('',#2304);
#695=VERTEX_POINT('',#2306);
#696=VERTEX_POINT('',#2310);
#697=VERTEX_POINT('',#2312);
#698=VERTEX_POINT('',#2316);
#699=VERTEX_POINT('',#2318);
#700=VERTEX_POINT('',#2325);
#701=VERTEX_POINT('',#2326);
#702=VERTEX_POINT('',#2328);
#703=VERTEX_POINT('',#2330);
#704=VERTEX_POINT('',#2334);
#705=VERTEX_POINT('',#2336);
#706=VERTEX_POINT('',#2340);
#707=VERTEX_POINT('',#2342);
#708=VERTEX_POINT('',#2349);
#709=VERTEX_POINT('',#2351);
#710=EDGE_CURVE('',#578,#579,#314,.T.);
#711=EDGE_CURVE('',#579,#580,#315,.T.);
#712=EDGE_CURVE('',#581,#580,#316,.T.);
#713=EDGE_CURVE('',#578,#581,#317,.T.);
#714=EDGE_CURVE('',#582,#578,#47,.T.);
#715=EDGE_CURVE('',#583,#581,#48,.T.);
#716=EDGE_CURVE('',#582,#583,#318,.T.);
#717=EDGE_CURVE('',#584,#582,#319,.T.);
#718=EDGE_CURVE('',#585,#583,#320,.T.);
#719=EDGE_CURVE('',#584,#585,#321,.T.);
#720=EDGE_CURVE('',#579,#584,#49,.T.);
#721=EDGE_CURVE('',#580,#585,#50,.T.);
#722=EDGE_CURVE('',#586,#587,#322,.T.);
#723=EDGE_CURVE('',#587,#588,#323,.T.);
#724=EDGE_CURVE('',#589,#588,#324,.T.);
#725=EDGE_CURVE('',#586,#589,#325,.T.);
#726=EDGE_CURVE('',#590,#586,#51,.T.);
#727=EDGE_CURVE('',#591,#589,#52,.T.);
#728=EDGE_CURVE('',#590,#591,#326,.T.);
#729=EDGE_CURVE('',#592,#590,#327,.T.);
#730=EDGE_CURVE('',#593,#591,#328,.T.);
#731=EDGE_CURVE('',#592,#593,#329,.T.);
#732=EDGE_CURVE('',#587,#592,#53,.T.);
#733=EDGE_CURVE('',#588,#593,#54,.T.);
#734=EDGE_CURVE('',#594,#595,#330,.T.);
#735=EDGE_CURVE('',#595,#596,#331,.T.);
#736=EDGE_CURVE('',#597,#596,#332,.T.);
#737=EDGE_CURVE('',#594,#597,#333,.T.);
#738=EDGE_CURVE('',#598,#594,#55,.T.);
#739=EDGE_CURVE('',#599,#597,#56,.T.);
#740=EDGE_CURVE('',#598,#599,#334,.T.);
#741=EDGE_CURVE('',#600,#598,#335,.T.);
#742=EDGE_CURVE('',#601,#599,#336,.T.);
#743=EDGE_CURVE('',#600,#601,#337,.T.);
#744=EDGE_CURVE('',#595,#600,#57,.T.);
#745=EDGE_CURVE('',#596,#601,#58,.T.);
#746=EDGE_CURVE('',#602,#603,#59,.T.);
#747=EDGE_CURVE('',#603,#604,#338,.T.);
#748=EDGE_CURVE('',#605,#604,#60,.T.);
#749=EDGE_CURVE('',#602,#605,#339,.T.);
#750=EDGE_CURVE('',#606,#602,#340,.T.);
#751=EDGE_CURVE('',#607,#605,#341,.T.);
#752=EDGE_CURVE('',#606,#607,#342,.T.);
#753=EDGE_CURVE('',#608,#606,#61,.T.);
#754=EDGE_CURVE('',#609,#607,#62,.T.);
#755=EDGE_CURVE('',#608,#609,#343,.T.);
#756=EDGE_CURVE('',#603,#608,#344,.T.);
#757=EDGE_CURVE('',#604,#609,#345,.T.);
#758=EDGE_CURVE('',#610,#611,#346,.T.);
#759=EDGE_CURVE('',#611,#612,#347,.T.);
#760=EDGE_CURVE('',#613,#612,#348,.T.);
#761=EDGE_CURVE('',#610,#613,#349,.T.);
#762=EDGE_CURVE('',#614,#610,#63,.T.);
#763=EDGE_CURVE('',#615,#613,#64,.T.);
#764=EDGE_CURVE('',#614,#615,#350,.T.);
#765=EDGE_CURVE('',#616,#614,#351,.T.);
#766=EDGE_CURVE('',#617,#615,#352,.T.);
#767=EDGE_CURVE('',#616,#617,#353,.T.);
#768=EDGE_CURVE('',#611,#616,#65,.T.);
#769=EDGE_CURVE('',#612,#617,#66,.T.);
#770=EDGE_CURVE('',#618,#619,#354,.T.);
#771=EDGE_CURVE('',#619,#620,#355,.T.);
#772=EDGE_CURVE('',#621,#620,#356,.T.);
#773=EDGE_CURVE('',#618,#621,#357,.T.);
#774=EDGE_CURVE('',#622,#618,#67,.T.);
#775=EDGE_CURVE('',#623,#621,#68,.T.);
#776=EDGE_CURVE('',#622,#623,#358,.T.);
#777=EDGE_CURVE('',#624,#622,#359,.T.);
#778=EDGE_CURVE('',#625,#623,#360,.T.);
#779=EDGE_CURVE('',#624,#625,#361,.T.);
#780=EDGE_CURVE('',#619,#624,#69,.T.);
#781=EDGE_CURVE('',#620,#625,#70,.T.);
#782=EDGE_CURVE('',#626,#627,#362,.T.);
#783=EDGE_CURVE('',#627,#628,#363,.T.);
#784=EDGE_CURVE('',#629,#628,#364,.T.);
#785=EDGE_CURVE('',#626,#629,#365,.T.);
#786=EDGE_CURVE('',#630,#626,#71,.T.);
#787=EDGE_CURVE('',#631,#629,#72,.T.);
#788=EDGE_CURVE('',#630,#631,#366,.T.);
#789=EDGE_CURVE('',#632,#630,#367,.T.);
#790=EDGE_CURVE('',#633,#631,#368,.T.);
#791=EDGE_CURVE('',#632,#633,#369,.T.);
#792=EDGE_CURVE('',#634,#632,#73,.T.);
#793=EDGE_CURVE('',#635,#633,#74,.T.);
#794=EDGE_CURVE('',#634,#635,#370,.T.);
#795=EDGE_CURVE('',#627,#634,#371,.T.);
#796=EDGE_CURVE('',#628,#635,#372,.T.);
#797=EDGE_CURVE('',#636,#637,#373,.T.);
#798=EDGE_CURVE('',#637,#638,#374,.T.);
#799=EDGE_CURVE('',#639,#638,#375,.T.);
#800=EDGE_CURVE('',#636,#639,#376,.T.);
#801=EDGE_CURVE('',#640,#636,#75,.T.);
#802=EDGE_CURVE('',#641,#639,#76,.T.);
#803=EDGE_CURVE('',#640,#641,#377,.T.);
#804=EDGE_CURVE('',#642,#640,#378,.T.);
#805=EDGE_CURVE('',#643,#641,#379,.T.);
#806=EDGE_CURVE('',#642,#643,#380,.T.);
#807=EDGE_CURVE('',#637,#642,#77,.T.);
#808=EDGE_CURVE('',#638,#643,#78,.T.);
#809=EDGE_CURVE('',#644,#645,#381,.T.);
#810=EDGE_CURVE('',#645,#646,#382,.T.);
#811=EDGE_CURVE('',#647,#646,#383,.T.);
#812=EDGE_CURVE('',#644,#647,#384,.T.);
#813=EDGE_CURVE('',#648,#644,#79,.T.);
#814=EDGE_CURVE('',#649,#647,#80,.T.);
#815=EDGE_CURVE('',#648,#649,#385,.T.);
#816=EDGE_CURVE('',#650,#648,#386,.T.);
#817=EDGE_CURVE('',#651,#649,#387,.T.);
#818=EDGE_CURVE('',#650,#651,#388,.T.);
#819=EDGE_CURVE('',#645,#650,#81,.T.);
#820=EDGE_CURVE('',#646,#651,#82,.T.);
#821=EDGE_CURVE('',#652,#653,#389,.T.);
#822=EDGE_CURVE('',#653,#654,#390,.T.);
#823=EDGE_CURVE('',#655,#654,#391,.T.);
#824=EDGE_CURVE('',#652,#655,#392,.T.);
#825=EDGE_CURVE('',#656,#652,#83,.T.);
#826=EDGE_CURVE('',#657,#655,#84,.T.);
#827=EDGE_CURVE('',#656,#657,#393,.T.);
#828=EDGE_CURVE('',#658,#656,#394,.T.);
#829=EDGE_CURVE('',#659,#657,#395,.T.);
#830=EDGE_CURVE('',#658,#659,#396,.T.);
#831=EDGE_CURVE('',#653,#658,#85,.T.);
#832=EDGE_CURVE('',#654,#659,#86,.T.);
#833=EDGE_CURVE('',#660,#661,#87,.T.);
#834=EDGE_CURVE('',#661,#662,#397,.T.);
#835=EDGE_CURVE('',#663,#662,#88,.T.);
#836=EDGE_CURVE('',#660,#663,#398,.T.);
#837=EDGE_CURVE('',#664,#660,#399,.T.);
#838=EDGE_CURVE('',#665,#663,#400,.T.);
#839=EDGE_CURVE('',#664,#665,#401,.T.);
#840=EDGE_CURVE('',#666,#664,#89,.T.);
#841=EDGE_CURVE('',#667,#665,#90,.T.);
#842=EDGE_CURVE('',#666,#667,#402,.T.);
#843=EDGE_CURVE('',#661,#666,#403,.T.);
#844=EDGE_CURVE('',#662,#667,#404,.T.);
#845=EDGE_CURVE('',#668,#669,#405,.T.);
#846=EDGE_CURVE('',#669,#670,#406,.T.);
#847=EDGE_CURVE('',#671,#670,#407,.T.);
#848=EDGE_CURVE('',#668,#671,#408,.T.);
#849=EDGE_CURVE('',#672,#668,#91,.T.);
#850=EDGE_CURVE('',#673,#671,#92,.T.);
#851=EDGE_CURVE('',#672,#673,#409,.T.);
#852=EDGE_CURVE('',#674,#672,#410,.T.);
#853=EDGE_CURVE('',#675,#673,#411,.T.);
#854=EDGE_CURVE('',#674,#675,#412,.T.);
#855=EDGE_CURVE('',#669,#674,#93,.T.);
#856=EDGE_CURVE('',#670,#675,#94,.T.);
#857=EDGE_CURVE('',#676,#677,#95,.T.);
#858=EDGE_CURVE('',#677,#678,#413,.T.);
#859=EDGE_CURVE('',#679,#678,#96,.T.);
#860=EDGE_CURVE('',#676,#679,#414,.T.);
#861=EDGE_CURVE('',#680,#676,#415,.T.);
#862=EDGE_CURVE('',#681,#679,#416,.T.);
#863=EDGE_CURVE('',#680,#681,#417,.T.);
#864=EDGE_CURVE('',#682,#680,#97,.T.);
#865=EDGE_CURVE('',#683,#681,#98,.T.);
#866=EDGE_CURVE('',#682,#683,#418,.T.);
#867=EDGE_CURVE('',#677,#682,#419,.T.);
#868=EDGE_CURVE('',#678,#683,#420,.T.);
#869=EDGE_CURVE('',#684,#685,#421,.T.);
#870=EDGE_CURVE('',#685,#686,#422,.T.);
#871=EDGE_CURVE('',#687,#686,#423,.T.);
#872=EDGE_CURVE('',#684,#687,#424,.T.);
#873=EDGE_CURVE('',#688,#684,#99,.T.);
#874=EDGE_CURVE('',#689,#687,#100,.T.);
#875=EDGE_CURVE('',#688,#689,#425,.T.);
#876=EDGE_CURVE('',#690,#688,#426,.T.);
#877=EDGE_CURVE('',#691,#689,#427,.T.);
#878=EDGE_CURVE('',#690,#691,#428,.T.);
#879=EDGE_CURVE('',#685,#690,#101,.T.);
#880=EDGE_CURVE('',#686,#691,#102,.T.);
#881=EDGE_CURVE('',#692,#693,#103,.T.);
#882=EDGE_CURVE('',#693,#694,#429,.T.);
#883=EDGE_CURVE('',#695,#694,#104,.T.);
#884=EDGE_CURVE('',#692,#695,#430,.T.);
#885=EDGE_CURVE('',#696,#692,#431,.T.);
#886=EDGE_CURVE('',#697,#695,#432,.T.);
#887=EDGE_CURVE('',#696,#697,#433,.T.);
#888=EDGE_CURVE('',#698,#696,#105,.T.);
#889=EDGE_CURVE('',#699,#697,#106,.T.);
#890=EDGE_CURVE('',#698,#699,#434,.T.);
#891=EDGE_CURVE('',#693,#698,#435,.T.);
#892=EDGE_CURVE('',#694,#699,#436,.T.);
#893=EDGE_CURVE('',#700,#701,#437,.T.);
#894=EDGE_CURVE('',#701,#702,#438,.T.);
#895=EDGE_CURVE('',#703,#702,#439,.T.);
#896=EDGE_CURVE('',#700,#703,#440,.T.);
#897=EDGE_CURVE('',#704,#700,#107,.T.);
#898=EDGE_CURVE('',#705,#703,#108,.T.);
#899=EDGE_CURVE('',#704,#705,#441,.T.);
#900=EDGE_CURVE('',#706,#704,#442,.T.);
#901=EDGE_CURVE('',#707,#705,#443,.T.);
#902=EDGE_CURVE('',#706,#707,#444,.T.);
#903=EDGE_CURVE('',#701,#706,#109,.T.);
#904=EDGE_CURVE('',#702,#707,#110,.T.);
#905=EDGE_CURVE('',#708,#708,#111,.T.);
#906=EDGE_CURVE('',#708,#709,#445,.T.);
#907=EDGE_CURVE('',#709,#709,#112,.T.);
#908=ORIENTED_EDGE('',*,*,#710,.T.);
#909=ORIENTED_EDGE('',*,*,#711,.T.);
#910=ORIENTED_EDGE('',*,*,#712,.F.);
#911=ORIENTED_EDGE('',*,*,#713,.F.);
#912=ORIENTED_EDGE('',*,*,#714,.T.);
#913=ORIENTED_EDGE('',*,*,#713,.T.);
#914=ORIENTED_EDGE('',*,*,#715,.F.);
#915=ORIENTED_EDGE('',*,*,#716,.F.);
#916=ORIENTED_EDGE('',*,*,#717,.T.);
#917=ORIENTED_EDGE('',*,*,#716,.T.);
#918=ORIENTED_EDGE('',*,*,#718,.F.);
#919=ORIENTED_EDGE('',*,*,#719,.F.);
#920=ORIENTED_EDGE('',*,*,#720,.T.);
#921=ORIENTED_EDGE('',*,*,#719,.T.);
#922=ORIENTED_EDGE('',*,*,#721,.F.);
#923=ORIENTED_EDGE('',*,*,#711,.F.);
#924=ORIENTED_EDGE('',*,*,#722,.T.);
#925=ORIENTED_EDGE('',*,*,#723,.T.);
#926=ORIENTED_EDGE('',*,*,#724,.F.);
#927=ORIENTED_EDGE('',*,*,#725,.F.);
#928=ORIENTED_EDGE('',*,*,#726,.T.);
#929=ORIENTED_EDGE('',*,*,#725,.T.);
#930=ORIENTED_EDGE('',*,*,#727,.F.);
#931=ORIENTED_EDGE('',*,*,#728,.F.);
#932=ORIENTED_EDGE('',*,*,#729,.T.);
#933=ORIENTED_EDGE('',*,*,#728,.T.);
#934=ORIENTED_EDGE('',*,*,#730,.F.);
#935=ORIENTED_EDGE('',*,*,#731,.F.);
#936=ORIENTED_EDGE('',*,*,#732,.T.);
#937=ORIENTED_EDGE('',*,*,#731,.T.);
#938=ORIENTED_EDGE('',*,*,#733,.F.);
#939=ORIENTED_EDGE('',*,*,#723,.F.);
#940=ORIENTED_EDGE('',*,*,#734,.T.);
#941=ORIENTED_EDGE('',*,*,#735,.T.);
#942=ORIENTED_EDGE('',*,*,#736,.F.);
#943=ORIENTED_EDGE('',*,*,#737,.F.);
#944=ORIENTED_EDGE('',*,*,#738,.T.);
#945=ORIENTED_EDGE('',*,*,#737,.T.);
#946=ORIENTED_EDGE('',*,*,#739,.F.);
#947=ORIENTED_EDGE('',*,*,#740,.F.);
#948=ORIENTED_EDGE('',*,*,#741,.T.);
#949=ORIENTED_EDGE('',*,*,#740,.T.);
#950=ORIENTED_EDGE('',*,*,#742,.F.);
#951=ORIENTED_EDGE('',*,*,#743,.F.);
#952=ORIENTED_EDGE('',*,*,#744,.T.);
#953=ORIENTED_EDGE('',*,*,#743,.T.);
#954=ORIENTED_EDGE('',*,*,#745,.F.);
#955=ORIENTED_EDGE('',*,*,#735,.F.);
#956=ORIENTED_EDGE('',*,*,#746,.T.);
#957=ORIENTED_EDGE('',*,*,#747,.T.);
#958=ORIENTED_EDGE('',*,*,#748,.F.);
#959=ORIENTED_EDGE('',*,*,#749,.F.);
#960=ORIENTED_EDGE('',*,*,#750,.T.);
#961=ORIENTED_EDGE('',*,*,#749,.T.);
#962=ORIENTED_EDGE('',*,*,#751,.F.);
#963=ORIENTED_EDGE('',*,*,#752,.F.);
#964=ORIENTED_EDGE('',*,*,#753,.T.);
#965=ORIENTED_EDGE('',*,*,#752,.T.);
#966=ORIENTED_EDGE('',*,*,#754,.F.);
#967=ORIENTED_EDGE('',*,*,#755,.F.);
#968=ORIENTED_EDGE('',*,*,#756,.T.);
#969=ORIENTED_EDGE('',*,*,#755,.T.);
#970=ORIENTED_EDGE('',*,*,#757,.F.);
#971=ORIENTED_EDGE('',*,*,#747,.F.);
#972=ORIENTED_EDGE('',*,*,#758,.T.);
#973=ORIENTED_EDGE('',*,*,#759,.T.);
#974=ORIENTED_EDGE('',*,*,#760,.F.);
#975=ORIENTED_EDGE('',*,*,#761,.F.);
#976=ORIENTED_EDGE('',*,*,#762,.T.);
#977=ORIENTED_EDGE('',*,*,#761,.T.);
#978=ORIENTED_EDGE('',*,*,#763,.F.);
#979=ORIENTED_EDGE('',*,*,#764,.F.);
#980=ORIENTED_EDGE('',*,*,#765,.T.);
#981=ORIENTED_EDGE('',*,*,#764,.T.);
#982=ORIENTED_EDGE('',*,*,#766,.F.);
#983=ORIENTED_EDGE('',*,*,#767,.F.);
#984=ORIENTED_EDGE('',*,*,#768,.T.);
#985=ORIENTED_EDGE('',*,*,#767,.T.);
#986=ORIENTED_EDGE('',*,*,#769,.F.);
#987=ORIENTED_EDGE('',*,*,#759,.F.);
#988=ORIENTED_EDGE('',*,*,#770,.T.);
#989=ORIENTED_EDGE('',*,*,#771,.T.);
#990=ORIENTED_EDGE('',*,*,#772,.F.);
#991=ORIENTED_EDGE('',*,*,#773,.F.);
#992=ORIENTED_EDGE('',*,*,#774,.T.);
#993=ORIENTED_EDGE('',*,*,#773,.T.);
#994=ORIENTED_EDGE('',*,*,#775,.F.);
#995=ORIENTED_EDGE('',*,*,#776,.F.);
#996=ORIENTED_EDGE('',*,*,#777,.T.);
#997=ORIENTED_EDGE('',*,*,#776,.T.);
#998=ORIENTED_EDGE('',*,*,#778,.F.);
#999=ORIENTED_EDGE('',*,*,#779,.F.);
#1000=ORIENTED_EDGE('',*,*,#780,.T.);
#1001=ORIENTED_EDGE('',*,*,#779,.T.);
#1002=ORIENTED_EDGE('',*,*,#781,.F.);
#1003=ORIENTED_EDGE('',*,*,#771,.F.);
#1004=ORIENTED_EDGE('',*,*,#782,.T.);
#1005=ORIENTED_EDGE('',*,*,#783,.T.);
#1006=ORIENTED_EDGE('',*,*,#784,.F.);
#1007=ORIENTED_EDGE('',*,*,#785,.F.);
#1008=ORIENTED_EDGE('',*,*,#786,.T.);
#1009=ORIENTED_EDGE('',*,*,#785,.T.);
#1010=ORIENTED_EDGE('',*,*,#787,.F.);
#1011=ORIENTED_EDGE('',*,*,#788,.F.);
#1012=ORIENTED_EDGE('',*,*,#789,.T.);
#1013=ORIENTED_EDGE('',*,*,#788,.T.);
#1014=ORIENTED_EDGE('',*,*,#790,.F.);
#1015=ORIENTED_EDGE('',*,*,#791,.F.);
#1016=ORIENTED_EDGE('',*,*,#792,.T.);
#1017=ORIENTED_EDGE('',*,*,#791,.T.);
#1018=ORIENTED_EDGE('',*,*,#793,.F.);
#1019=ORIENTED_EDGE('',*,*,#794,.F.);
#1020=ORIENTED_EDGE('',*,*,#795,.T.);
#1021=ORIENTED_EDGE('',*,*,#794,.T.);
#1022=ORIENTED_EDGE('',*,*,#796,.F.);
#1023=ORIENTED_EDGE('',*,*,#783,.F.);
#1024=ORIENTED_EDGE('',*,*,#797,.T.);
#1025=ORIENTED_EDGE('',*,*,#798,.T.);
#1026=ORIENTED_EDGE('',*,*,#799,.F.);
#1027=ORIENTED_EDGE('',*,*,#800,.F.);
#1028=ORIENTED_EDGE('',*,*,#801,.T.);
#1029=ORIENTED_EDGE('',*,*,#800,.T.);
#1030=ORIENTED_EDGE('',*,*,#802,.F.);
#1031=ORIENTED_EDGE('',*,*,#803,.F.);
#1032=ORIENTED_EDGE('',*,*,#804,.T.);
#1033=ORIENTED_EDGE('',*,*,#803,.T.);
#1034=ORIENTED_EDGE('',*,*,#805,.F.);
#1035=ORIENTED_EDGE('',*,*,#806,.F.);
#1036=ORIENTED_EDGE('',*,*,#807,.T.);
#1037=ORIENTED_EDGE('',*,*,#806,.T.);
#1038=ORIENTED_EDGE('',*,*,#808,.F.);
#1039=ORIENTED_EDGE('',*,*,#798,.F.);
#1040=ORIENTED_EDGE('',*,*,#809,.T.);
#1041=ORIENTED_EDGE('',*,*,#810,.T.);
#1042=ORIENTED_EDGE('',*,*,#811,.F.);
#1043=ORIENTED_EDGE('',*,*,#812,.F.);
#1044=ORIENTED_EDGE('',*,*,#813,.T.);
#1045=ORIENTED_EDGE('',*,*,#812,.T.);
#1046=ORIENTED_EDGE('',*,*,#814,.F.);
#1047=ORIENTED_EDGE('',*,*,#815,.F.);
#1048=ORIENTED_EDGE('',*,*,#816,.T.);
#1049=ORIENTED_EDGE('',*,*,#815,.T.);
#1050=ORIENTED_EDGE('',*,*,#817,.F.);
#1051=ORIENTED_EDGE('',*,*,#818,.F.);
#1052=ORIENTED_EDGE('',*,*,#819,.T.);
#1053=ORIENTED_EDGE('',*,*,#818,.T.);
#1054=ORIENTED_EDGE('',*,*,#820,.F.);
#1055=ORIENTED_EDGE('',*,*,#810,.F.);
#1056=ORIENTED_EDGE('',*,*,#821,.T.);
#1057=ORIENTED_EDGE('',*,*,#822,.T.);
#1058=ORIENTED_EDGE('',*,*,#823,.F.);
#1059=ORIENTED_EDGE('',*,*,#824,.F.);
#1060=ORIENTED_EDGE('',*,*,#825,.T.);
#1061=ORIENTED_EDGE('',*,*,#824,.T.);
#1062=ORIENTED_EDGE('',*,*,#826,.F.);
#1063=ORIENTED_EDGE('',*,*,#827,.F.);
#1064=ORIENTED_EDGE('',*,*,#828,.T.);
#1065=ORIENTED_EDGE('',*,*,#827,.T.);
#1066=ORIENTED_EDGE('',*,*,#829,.F.);
#1067=ORIENTED_EDGE('',*,*,#830,.F.);
#1068=ORIENTED_EDGE('',*,*,#831,.T.);
#1069=ORIENTED_EDGE('',*,*,#830,.T.);
#1070=ORIENTED_EDGE('',*,*,#832,.F.);
#1071=ORIENTED_EDGE('',*,*,#822,.F.);
#1072=ORIENTED_EDGE('',*,*,#833,.T.);
#1073=ORIENTED_EDGE('',*,*,#834,.T.);
#1074=ORIENTED_EDGE('',*,*,#835,.F.);
#1075=ORIENTED_EDGE('',*,*,#836,.F.);
#1076=ORIENTED_EDGE('',*,*,#837,.T.);
#1077=ORIENTED_EDGE('',*,*,#836,.T.);
#1078=ORIENTED_EDGE('',*,*,#838,.F.);
#1079=ORIENTED_EDGE('',*,*,#839,.F.);
#1080=ORIENTED_EDGE('',*,*,#840,.T.);
#1081=ORIENTED_EDGE('',*,*,#839,.T.);
#1082=ORIENTED_EDGE('',*,*,#841,.F.);
#1083=ORIENTED_EDGE('',*,*,#842,.F.);
#1084=ORIENTED_EDGE('',*,*,#843,.T.);
#1085=ORIENTED_EDGE('',*,*,#842,.T.);
#1086=ORIENTED_EDGE('',*,*,#844,.F.);
#1087=ORIENTED_EDGE('',*,*,#834,.F.);
#1088=ORIENTED_EDGE('',*,*,#845,.T.);
#1089=ORIENTED_EDGE('',*,*,#846,.T.);
#1090=ORIENTED_EDGE('',*,*,#847,.F.);
#1091=ORIENTED_EDGE('',*,*,#848,.F.);
#1092=ORIENTED_EDGE('',*,*,#849,.T.);
#1093=ORIENTED_EDGE('',*,*,#848,.T.);
#1094=ORIENTED_EDGE('',*,*,#850,.F.);
#1095=ORIENTED_EDGE('',*,*,#851,.F.);
#1096=ORIENTED_EDGE('',*,*,#852,.T.);
#1097=ORIENTED_EDGE('',*,*,#851,.T.);
#1098=ORIENTED_EDGE('',*,*,#853,.F.);
#1099=ORIENTED_EDGE('',*,*,#854,.F.);
#1100=ORIENTED_EDGE('',*,*,#855,.T.);
#1101=ORIENTED_EDGE('',*,*,#854,.T.);
#1102=ORIENTED_EDGE('',*,*,#856,.F.);
#1103=ORIENTED_EDGE('',*,*,#846,.F.);
#1104=ORIENTED_EDGE('',*,*,#857,.T.);
#1105=ORIENTED_EDGE('',*,*,#858,.T.);
#1106=ORIENTED_EDGE('',*,*,#859,.F.);
#1107=ORIENTED_EDGE('',*,*,#860,.F.);
#1108=ORIENTED_EDGE('',*,*,#861,.T.);
#1109=ORIENTED_EDGE('',*,*,#860,.T.);
#1110=ORIENTED_EDGE('',*,*,#862,.F.);
#1111=ORIENTED_EDGE('',*,*,#863,.F.);
#1112=ORIENTED_EDGE('',*,*,#864,.T.);
#1113=ORIENTED_EDGE('',*,*,#863,.T.);
#1114=ORIENTED_EDGE('',*,*,#865,.F.);
#1115=ORIENTED_EDGE('',*,*,#866,.F.);
#1116=ORIENTED_EDGE('',*,*,#867,.T.);
#1117=ORIENTED_EDGE('',*,*,#866,.T.);
#1118=ORIENTED_EDGE('',*,*,#868,.F.);
#1119=ORIENTED_EDGE('',*,*,#858,.F.);
#1120=ORIENTED_EDGE('',*,*,#869,.T.);
#1121=ORIENTED_EDGE('',*,*,#870,.T.);
#1122=ORIENTED_EDGE('',*,*,#871,.F.);
#1123=ORIENTED_EDGE('',*,*,#872,.F.);
#1124=ORIENTED_EDGE('',*,*,#873,.T.);
#1125=ORIENTED_EDGE('',*,*,#872,.T.);
#1126=ORIENTED_EDGE('',*,*,#874,.F.);
#1127=ORIENTED_EDGE('',*,*,#875,.F.);
#1128=ORIENTED_EDGE('',*,*,#876,.T.);
#1129=ORIENTED_EDGE('',*,*,#875,.T.);
#1130=ORIENTED_EDGE('',*,*,#877,.F.);
#1131=ORIENTED_EDGE('',*,*,#878,.F.);
#1132=ORIENTED_EDGE('',*,*,#879,.T.);
#1133=ORIENTED_EDGE('',*,*,#878,.T.);
#1134=ORIENTED_EDGE('',*,*,#880,.F.);
#1135=ORIENTED_EDGE('',*,*,#870,.F.);
#1136=ORIENTED_EDGE('',*,*,#881,.T.);
#1137=ORIENTED_EDGE('',*,*,#882,.T.);
#1138=ORIENTED_EDGE('',*,*,#883,.F.);
#1139=ORIENTED_EDGE('',*,*,#884,.F.);
#1140=ORIENTED_EDGE('',*,*,#885,.T.);
#1141=ORIENTED_EDGE('',*,*,#884,.T.);
#1142=ORIENTED_EDGE('',*,*,#886,.F.);
#1143=ORIENTED_EDGE('',*,*,#887,.F.);
#1144=ORIENTED_EDGE('',*,*,#888,.T.);
#1145=ORIENTED_EDGE('',*,*,#887,.T.);
#1146=ORIENTED_EDGE('',*,*,#889,.F.);
#1147=ORIENTED_EDGE('',*,*,#890,.F.);
#1148=ORIENTED_EDGE('',*,*,#891,.T.);
#1149=ORIENTED_EDGE('',*,*,#890,.T.);
#1150=ORIENTED_EDGE('',*,*,#892,.F.);
#1151=ORIENTED_EDGE('',*,*,#882,.F.);
#1152=ORIENTED_EDGE('',*,*,#893,.T.);
#1153=ORIENTED_EDGE('',*,*,#894,.T.);
#1154=ORIENTED_EDGE('',*,*,#895,.F.);
#1155=ORIENTED_EDGE('',*,*,#896,.F.);
#1156=ORIENTED_EDGE('',*,*,#897,.T.);
#1157=ORIENTED_EDGE('',*,*,#896,.T.);
#1158=ORIENTED_EDGE('',*,*,#898,.F.);
#1159=ORIENTED_EDGE('',*,*,#899,.F.);
#1160=ORIENTED_EDGE('',*,*,#900,.T.);
#1161=ORIENTED_EDGE('',*,*,#899,.T.);
#1162=ORIENTED_EDGE('',*,*,#901,.F.);
#1163=ORIENTED_EDGE('',*,*,#902,.F.);
#1164=ORIENTED_EDGE('',*,*,#903,.T.);
#1165=ORIENTED_EDGE('',*,*,#902,.T.);
#1166=ORIENTED_EDGE('',*,*,#904,.F.);
#1167=ORIENTED_EDGE('',*,*,#894,.F.);
#1168=ORIENTED_EDGE('',*,*,#905,.F.);
#1169=ORIENTED_EDGE('',*,*,#906,.T.);
#1170=ORIENTED_EDGE('',*,*,#907,.T.);
#1171=ORIENTED_EDGE('',*,*,#906,.F.);
#1172=ORIENTED_EDGE('',*,*,#905,.T.);
#1173=ORIENTED_EDGE('',*,*,#904,.T.);
#1174=ORIENTED_EDGE('',*,*,#901,.T.);
#1175=ORIENTED_EDGE('',*,*,#898,.T.);
#1176=ORIENTED_EDGE('',*,*,#895,.T.);
#1177=ORIENTED_EDGE('',*,*,#892,.T.);
#1178=ORIENTED_EDGE('',*,*,#889,.T.);
#1179=ORIENTED_EDGE('',*,*,#886,.T.);
#1180=ORIENTED_EDGE('',*,*,#883,.T.);
#1181=ORIENTED_EDGE('',*,*,#880,.T.);
#1182=ORIENTED_EDGE('',*,*,#877,.T.);
#1183=ORIENTED_EDGE('',*,*,#874,.T.);
#1184=ORIENTED_EDGE('',*,*,#871,.T.);
#1185=ORIENTED_EDGE('',*,*,#868,.T.);
#1186=ORIENTED_EDGE('',*,*,#865,.T.);
#1187=ORIENTED_EDGE('',*,*,#862,.T.);
#1188=ORIENTED_EDGE('',*,*,#859,.T.);
#1189=ORIENTED_EDGE('',*,*,#856,.T.);
#1190=ORIENTED_EDGE('',*,*,#853,.T.);
#1191=ORIENTED_EDGE('',*,*,#850,.T.);
#1192=ORIENTED_EDGE('',*,*,#847,.T.);
#1193=ORIENTED_EDGE('',*,*,#844,.T.);
#1194=ORIENTED_EDGE('',*,*,#841,.T.);
#1195=ORIENTED_EDGE('',*,*,#838,.T.);
#1196=ORIENTED_EDGE('',*,*,#835,.T.);
#1197=ORIENTED_EDGE('',*,*,#832,.T.);
#1198=ORIENTED_EDGE('',*,*,#829,.T.);
#1199=ORIENTED_EDGE('',*,*,#826,.T.);
#1200=ORIENTED_EDGE('',*,*,#823,.T.);
#1201=ORIENTED_EDGE('',*,*,#820,.T.);
#1202=ORIENTED_EDGE('',*,*,#817,.T.);
#1203=ORIENTED_EDGE('',*,*,#814,.T.);
#1204=ORIENTED_EDGE('',*,*,#811,.T.);
#1205=ORIENTED_EDGE('',*,*,#808,.T.);
#1206=ORIENTED_EDGE('',*,*,#805,.T.);
#1207=ORIENTED_EDGE('',*,*,#802,.T.);
#1208=ORIENTED_EDGE('',*,*,#799,.T.);
#1209=ORIENTED_EDGE('',*,*,#796,.T.);
#1210=ORIENTED_EDGE('',*,*,#793,.T.);
#1211=ORIENTED_EDGE('',*,*,#790,.T.);
#1212=ORIENTED_EDGE('',*,*,#787,.T.);
#1213=ORIENTED_EDGE('',*,*,#784,.T.);
#1214=ORIENTED_EDGE('',*,*,#781,.T.);
#1215=ORIENTED_EDGE('',*,*,#778,.T.);
#1216=ORIENTED_EDGE('',*,*,#775,.T.);
#1217=ORIENTED_EDGE('',*,*,#772,.T.);
#1218=ORIENTED_EDGE('',*,*,#769,.T.);
#1219=ORIENTED_EDGE('',*,*,#766,.T.);
#1220=ORIENTED_EDGE('',*,*,#763,.T.);
#1221=ORIENTED_EDGE('',*,*,#760,.T.);
#1222=ORIENTED_EDGE('',*,*,#757,.T.);
#1223=ORIENTED_EDGE('',*,*,#754,.T.);
#1224=ORIENTED_EDGE('',*,*,#751,.T.);
#1225=ORIENTED_EDGE('',*,*,#748,.T.);
#1226=ORIENTED_EDGE('',*,*,#745,.T.);
#1227=ORIENTED_EDGE('',*,*,#742,.T.);
#1228=ORIENTED_EDGE('',*,*,#739,.T.);
#1229=ORIENTED_EDGE('',*,*,#736,.T.);
#1230=ORIENTED_EDGE('',*,*,#733,.T.);
#1231=ORIENTED_EDGE('',*,*,#730,.T.);
#1232=ORIENTED_EDGE('',*,*,#727,.T.);
#1233=ORIENTED_EDGE('',*,*,#724,.T.);
#1234=ORIENTED_EDGE('',*,*,#721,.T.);
#1235=ORIENTED_EDGE('',*,*,#718,.T.);
#1236=ORIENTED_EDGE('',*,*,#715,.T.);
#1237=ORIENTED_EDGE('',*,*,#712,.T.);
#1238=ORIENTED_EDGE('',*,*,#907,.F.);
#1239=ORIENTED_EDGE('',*,*,#903,.F.);
#1240=ORIENTED_EDGE('',*,*,#893,.F.);
#1241=ORIENTED_EDGE('',*,*,#897,.F.);
#1242=ORIENTED_EDGE('',*,*,#900,.F.);
#1243=ORIENTED_EDGE('',*,*,#891,.F.);
#1244=ORIENTED_EDGE('',*,*,#881,.F.);
#1245=ORIENTED_EDGE('',*,*,#885,.F.);
#1246=ORIENTED_EDGE('',*,*,#888,.F.);
#1247=ORIENTED_EDGE('',*,*,#879,.F.);
#1248=ORIENTED_EDGE('',*,*,#869,.F.);
#1249=ORIENTED_EDGE('',*,*,#873,.F.);
#1250=ORIENTED_EDGE('',*,*,#876,.F.);
#1251=ORIENTED_EDGE('',*,*,#867,.F.);
#1252=ORIENTED_EDGE('',*,*,#857,.F.);
#1253=ORIENTED_EDGE('',*,*,#861,.F.);
#1254=ORIENTED_EDGE('',*,*,#864,.F.);
#1255=ORIENTED_EDGE('',*,*,#855,.F.);
#1256=ORIENTED_EDGE('',*,*,#845,.F.);
#1257=ORIENTED_EDGE('',*,*,#849,.F.);
#1258=ORIENTED_EDGE('',*,*,#852,.F.);
#1259=ORIENTED_EDGE('',*,*,#843,.F.);
#1260=ORIENTED_EDGE('',*,*,#833,.F.);
#1261=ORIENTED_EDGE('',*,*,#837,.F.);
#1262=ORIENTED_EDGE('',*,*,#840,.F.);
#1263=ORIENTED_EDGE('',*,*,#831,.F.);
#1264=ORIENTED_EDGE('',*,*,#821,.F.);
#1265=ORIENTED_EDGE('',*,*,#825,.F.);
#1266=ORIENTED_EDGE('',*,*,#828,.F.);
#1267=ORIENTED_EDGE('',*,*,#819,.F.);
#1268=ORIENTED_EDGE('',*,*,#809,.F.);
#1269=ORIENTED_EDGE('',*,*,#813,.F.);
#1270=ORIENTED_EDGE('',*,*,#816,.F.);
#1271=ORIENTED_EDGE('',*,*,#807,.F.);
#1272=ORIENTED_EDGE('',*,*,#797,.F.);
#1273=ORIENTED_EDGE('',*,*,#801,.F.);
#1274=ORIENTED_EDGE('',*,*,#804,.F.);
#1275=ORIENTED_EDGE('',*,*,#795,.F.);
#1276=ORIENTED_EDGE('',*,*,#782,.F.);
#1277=ORIENTED_EDGE('',*,*,#786,.F.);
#1278=ORIENTED_EDGE('',*,*,#789,.F.);
#1279=ORIENTED_EDGE('',*,*,#792,.F.);
#1280=ORIENTED_EDGE('',*,*,#780,.F.);
#1281=ORIENTED_EDGE('',*,*,#770,.F.);
#1282=ORIENTED_EDGE('',*,*,#774,.F.);
#1283=ORIENTED_EDGE('',*,*,#777,.F.);
#1284=ORIENTED_EDGE('',*,*,#768,.F.);
#1285=ORIENTED_EDGE('',*,*,#758,.F.);
#1286=ORIENTED_EDGE('',*,*,#762,.F.);
#1287=ORIENTED_EDGE('',*,*,#765,.F.);
#1288=ORIENTED_EDGE('',*,*,#756,.F.);
#1289=ORIENTED_EDGE('',*,*,#746,.F.);
#1290=ORIENTED_EDGE('',*,*,#750,.F.);
#1291=ORIENTED_EDGE('',*,*,#753,.F.);
#1292=ORIENTED_EDGE('',*,*,#744,.F.);
#1293=ORIENTED_EDGE('',*,*,#734,.F.);
#1294=ORIENTED_EDGE('',*,*,#738,.F.);
#1295=ORIENTED_EDGE('',*,*,#741,.F.);
#1296=ORIENTED_EDGE('',*,*,#732,.F.);
#1297=ORIENTED_EDGE('',*,*,#722,.F.);
#1298=ORIENTED_EDGE('',*,*,#726,.F.);
#1299=ORIENTED_EDGE('',*,*,#729,.F.);
#1300=ORIENTED_EDGE('',*,*,#720,.F.);
#1301=ORIENTED_EDGE('',*,*,#710,.F.);
#1302=ORIENTED_EDGE('',*,*,#714,.F.);
#1303=ORIENTED_EDGE('',*,*,#717,.F.);
#1304=PLANE('',#1421);
#1305=PLANE('',#1425);
#1306=PLANE('',#1429);
#1307=PLANE('',#1433);
#1308=PLANE('',#1437);
#1309=PLANE('',#1441);
#1310=PLANE('',#1448);
#1311=PLANE('',#1452);
#1312=PLANE('',#1453);
#1313=PLANE('',#1457);
#1314=PLANE('',#1461);
#1315=PLANE('',#1465);
#1316=PLANE('',#1469);
#1317=PLANE('',#1473);
#1318=PLANE('',#1477);
#1319=PLANE('',#1478);
#1320=PLANE('',#1482);
#1321=PLANE('',#1486);
#1322=PLANE('',#1490);
#1323=PLANE('',#1494);
#1324=PLANE('',#1498);
#1325=PLANE('',#1505);
#1326=PLANE('',#1509);
#1327=PLANE('',#1510);
#1328=PLANE('',#1514);
#1329=PLANE('',#1521);
#1330=PLANE('',#1525);
#1331=PLANE('',#1526);
#1332=PLANE('',#1530);
#1333=PLANE('',#1537);
#1334=PLANE('',#1541);
#1335=PLANE('',#1542);
#1336=PLANE('',#1546);
#1337=PLANE('',#1553);
#1338=PLANE('',#1554);
#1339=ADVANCED_FACE('',(#146),#1304,.T.);
#1340=ADVANCED_FACE('',(#147),#113,.T.);
#1341=ADVANCED_FACE('',(#148),#1305,.T.);
#1342=ADVANCED_FACE('',(#149),#114,.F.);
#1343=ADVANCED_FACE('',(#150),#1306,.T.);
#1344=ADVANCED_FACE('',(#151),#115,.T.);
#1345=ADVANCED_FACE('',(#152),#1307,.T.);
#1346=ADVANCED_FACE('',(#153),#116,.F.);
#1347=ADVANCED_FACE('',(#154),#1308,.T.);
#1348=ADVANCED_FACE('',(#155),#117,.T.);
#1349=ADVANCED_FACE('',(#156),#1309,.T.);
#1350=ADVANCED_FACE('',(#157),#118,.F.);
#1351=ADVANCED_FACE('',(#158),#119,.T.);
#1352=ADVANCED_FACE('',(#159),#1310,.T.);
#1353=ADVANCED_FACE('',(#160),#120,.F.);
#1354=ADVANCED_FACE('',(#161),#1311,.T.);
#1355=ADVANCED_FACE('',(#162),#1312,.T.);
#1356=ADVANCED_FACE('',(#163),#121,.T.);
#1357=ADVANCED_FACE('',(#164),#1313,.T.);
#1358=ADVANCED_FACE('',(#165),#122,.F.);
#1359=ADVANCED_FACE('',(#166),#1314,.T.);
#1360=ADVANCED_FACE('',(#167),#123,.T.);
#1361=ADVANCED_FACE('',(#168),#1315,.T.);
#1362=ADVANCED_FACE('',(#169),#124,.F.);
#1363=ADVANCED_FACE('',(#170),#1316,.T.);
#1364=ADVANCED_FACE('',(#171),#125,.T.);
#1365=ADVANCED_FACE('',(#172),#1317,.T.);
#1366=ADVANCED_FACE('',(#173),#126,.F.);
#1367=ADVANCED_FACE('',(#174),#1318,.T.);
#1368=ADVANCED_FACE('',(#175),#1319,.T.);
#1369=ADVANCED_FACE('',(#176),#127,.T.);
#1370=ADVANCED_FACE('',(#177),#1320,.T.);
#1371=ADVANCED_FACE('',(#178),#128,.F.);
#1372=ADVANCED_FACE('',(#179),#1321,.T.);
#1373=ADVANCED_FACE('',(#180),#129,.T.);
#1374=ADVANCED_FACE('',(#181),#1322,.T.);
#1375=ADVANCED_FACE('',(#182),#130,.F.);
#1376=ADVANCED_FACE('',(#183),#1323,.T.);
#1377=ADVANCED_FACE('',(#184),#131,.T.);
#1378=ADVANCED_FACE('',(#185),#1324,.T.);
#1379=ADVANCED_FACE('',(#186),#132,.F.);
#1380=ADVANCED_FACE('',(#187),#133,.T.);
#1381=ADVANCED_FACE('',(#188),#1325,.T.);
#1382=ADVANCED_FACE('',(#189),#134,.F.);
#1383=ADVANCED_FACE('',(#190),#1326,.T.);
#1384=ADVANCED_FACE('',(#191),#1327,.T.);
#1385=ADVANCED_FACE('',(#192),#135,.T.);
#1386=ADVANCED_FACE('',(#193),#1328,.T.);
#1387=ADVANCED_FACE('',(#194),#136,.F.);
#1388=ADVANCED_FACE('',(#195),#137,.F.);
#1389=ADVANCED_FACE('',(#196),#1329,.T.);
#1390=ADVANCED_FACE('',(#197),#138,.T.);
#1391=ADVANCED_FACE('',(#198),#1330,.T.);
#1392=ADVANCED_FACE('',(#199),#1331,.T.);
#1393=ADVANCED_FACE('',(#200),#139,.T.);
#1394=ADVANCED_FACE('',(#201),#1332,.T.);
#1395=ADVANCED_FACE('',(#202),#140,.F.);
#1396=ADVANCED_FACE('',(#203),#141,.T.);
#1397=ADVANCED_FACE('',(#204),#1333,.T.);
#1398=ADVANCED_FACE('',(#205),#142,.F.);
#1399=ADVANCED_FACE('',(#206),#1334,.T.);
#1400=ADVANCED_FACE('',(#207),#1335,.T.);
#1401=ADVANCED_FACE('',(#208),#143,.T.);
#1402=ADVANCED_FACE('',(#209),#1336,.T.);
#1403=ADVANCED_FACE('',(#210),#144,.F.);
#1404=ADVANCED_FACE('',(#211),#145,.T.);
#1405=ADVANCED_FACE('',(#212,#15,#16,#17,#18,#19,#20,#21,#22,#23,#24,#25,
#26,#27,#28,#29,#30),#1337,.T.);
#1406=ADVANCED_FACE('',(#213,#31,#32,#33,#34,#35,#36,#37,#38,#39,#40,#41,
#42,#43,#44,#45,#46),#1338,.F.);
#1407=CLOSED_SHELL('',(#1339,#1340,#1341,#1342,#1343,#1344,#1345,#1346,
#1347,#1348,#1349,#1350,#1351,#1352,#1353,#1354,#1355,#1356,#1357,#1358,
#1359,#1360,#1361,#1362,#1363,#1364,#1365,#1366,#1367,#1368,#1369,#1370,
#1371,#1372,#1373,#1374,#1375,#1376,#1377,#1378,#1379,#1380,#1381,#1382,
#1383,#1384,#1385,#1386,#1387,#1388,#1389,#1390,#1391,#1392,#1393,#1394,
#1395,#1396,#1397,#1398,#1399,#1400,#1401,#1402,#1403,#1404,#1405,#1406));
#1408=DERIVED_UNIT_ELEMENT(#1410,1.);
#1409=DERIVED_UNIT_ELEMENT(#2363,-3.);
#1410=(
MASS_UNIT()
NAMED_UNIT(*)
SI_UNIT(.KILO.,.GRAM.)
);
#1411=DERIVED_UNIT((#1408,#1409));
#1412=MEASURE_REPRESENTATION_ITEM('density measure',
POSITIVE_RATIO_MEASURE(7850.),#1411);
#1413=PROPERTY_DEFINITION_REPRESENTATION(#1418,#1415);
#1414=PROPERTY_DEFINITION_REPRESENTATION(#1419,#1416);
#1415=REPRESENTATION('material name',(#1417),#2358);
#1416=REPRESENTATION('density',(#1412),#2358);
#1417=DESCRIPTIVE_REPRESENTATION_ITEM('Steel','Steel');
#1418=PROPERTY_DEFINITION('material property','material name',#2371);
#1419=PROPERTY_DEFINITION('material property','density of part',#2371);
#1420=AXIS2_PLACEMENT_3D('',#1957,#1555,#1556);
#1421=AXIS2_PLACEMENT_3D('',#1958,#1557,#1558);
#1422=AXIS2_PLACEMENT_3D('',#1967,#1563,#1564);
#1423=AXIS2_PLACEMENT_3D('',#1969,#1565,#1566);
#1424=AXIS2_PLACEMENT_3D('',#1971,#1567,#1568);
#1425=AXIS2_PLACEMENT_3D('',#1973,#1570,#1571);
#1426=AXIS2_PLACEMENT_3D('',#1979,#1575,#1576);
#1427=AXIS2_PLACEMENT_3D('',#1980,#1577,#1578);
#1428=AXIS2_PLACEMENT_3D('',#1981,#1579,#1580);
#1429=AXIS2_PLACEMENT_3D('',#1982,#1581,#1582);
#1430=AXIS2_PLACEMENT_3D('',#1991,#1587,#1588);
#1431=AXIS2_PLACEMENT_3D('',#1993,#1589,#1590);
#1432=AXIS2_PLACEMENT_3D('',#1995,#1591,#1592);
#1433=AXIS2_PLACEMENT_3D('',#1997,#1594,#1595);
#1434=AXIS2_PLACEMENT_3D('',#2003,#1599,#1600);
#1435=AXIS2_PLACEMENT_3D('',#2004,#1601,#1602);
#1436=AXIS2_PLACEMENT_3D('',#2005,#1603,#1604);
#1437=AXIS2_PLACEMENT_3D('',#2006,#1605,#1606);
#1438=AXIS2_PLACEMENT_3D('',#2015,#1611,#1612);
#1439=AXIS2_PLACEMENT_3D('',#2017,#1613,#1614);
#1440=AXIS2_PLACEMENT_3D('',#2019,#1615,#1616);
#1441=AXIS2_PLACEMENT_3D('',#2021,#1618,#1619);
#1442=AXIS2_PLACEMENT_3D('',#2027,#1623,#1624);
#1443=AXIS2_PLACEMENT_3D('',#2028,#1625,#1626);
#1444=AXIS2_PLACEMENT_3D('',#2029,#1627,#1628);
#1445=AXIS2_PLACEMENT_3D('',#2030,#1629,#1630);
#1446=AXIS2_PLACEMENT_3D('',#2033,#1631,#1632);
#1447=AXIS2_PLACEMENT_3D('',#2037,#1634,#1635);
#1448=AXIS2_PLACEMENT_3D('',#2039,#1637,#1638);
#1449=AXIS2_PLACEMENT_3D('',#2045,#1642,#1643);
#1450=AXIS2_PLACEMENT_3D('',#2047,#1644,#1645);
#1451=AXIS2_PLACEMENT_3D('',#2049,#1646,#1647);
#1452=AXIS2_PLACEMENT_3D('',#2051,#1649,#1650);
#1453=AXIS2_PLACEMENT_3D('',#2054,#1653,#1654);
#1454=AXIS2_PLACEMENT_3D('',#2063,#1659,#1660);
#1455=AXIS2_PLACEMENT_3D('',#2065,#1661,#1662);
#1456=AXIS2_PLACEMENT_3D('',#2067,#1663,#1664);
#1457=AXIS2_PLACEMENT_3D('',#2069,#1666,#1667);
#1458=AXIS2_PLACEMENT_3D('',#2075,#1671,#1672);
#1459=AXIS2_PLACEMENT_3D('',#2076,#1673,#1674);
#1460=AXIS2_PLACEMENT_3D('',#2077,#1675,#1676);
#1461=AXIS2_PLACEMENT_3D('',#2078,#1677,#1678);
#1462=AXIS2_PLACEMENT_3D('',#2087,#1683,#1684);
#1463=AXIS2_PLACEMENT_3D('',#2089,#1685,#1686);
#1464=AXIS2_PLACEMENT_3D('',#2091,#1687,#1688);
#1465=AXIS2_PLACEMENT_3D('',#2093,#1690,#1691);
#1466=AXIS2_PLACEMENT_3D('',#2099,#1695,#1696);
#1467=AXIS2_PLACEMENT_3D('',#2100,#1697,#1698);
#1468=AXIS2_PLACEMENT_3D('',#2101,#1699,#1700);
#1469=AXIS2_PLACEMENT_3D('',#2102,#1701,#1702);
#1470=AXIS2_PLACEMENT_3D('',#2111,#1707,#1708);
#1471=AXIS2_PLACEMENT_3D('',#2113,#1709,#1710);
#1472=AXIS2_PLACEMENT_3D('',#2115,#1711,#1712);
#1473=AXIS2_PLACEMENT_3D('',#2117,#1714,#1715);
#1474=AXIS2_PLACEMENT_3D('',#2123,#1719,#1720);
#1475=AXIS2_PLACEMENT_3D('',#2125,#1721,#1722);
#1476=AXIS2_PLACEMENT_3D('',#2127,#1723,#1724);
#1477=AXIS2_PLACEMENT_3D('',#2129,#1726,#1727);
#1478=AXIS2_PLACEMENT_3D('',#2132,#1730,#1731);
#1479=AXIS2_PLACEMENT_3D('',#2141,#1736,#1737);
#1480=AXIS2_PLACEMENT_3D('',#2143,#1738,#1739);
#1481=AXIS2_PLACEMENT_3D('',#2145,#1740,#1741);
#1482=AXIS2_PLACEMENT_3D('',#2147,#1743,#1744);
#1483=AXIS2_PLACEMENT_3D('',#2153,#1748,#1749);
#1484=AXIS2_PLACEMENT_3D('',#2154,#1750,#1751);
#1485=AXIS2_PLACEMENT_3D('',#2155,#1752,#1753);
#1486=AXIS2_PLACEMENT_3D('',#2156,#1754,#1755);
#1487=AXIS2_PLACEMENT_3D('',#2165,#1760,#1761);
#1488=AXIS2_PLACEMENT_3D('',#2167,#1762,#1763);
#1489=AXIS2_PLACEMENT_3D('',#2169,#1764,#1765);
#1490=AXIS2_PLACEMENT_3D('',#2171,#1767,#1768);
#1491=AXIS2_PLACEMENT_3D('',#2177,#1772,#1773);
#1492=AXIS2_PLACEMENT_3D('',#2178,#1774,#1775);
#1493=AXIS2_PLACEMENT_3D('',#2179,#1776,#1777);
#1494=AXIS2_PLACEMENT_3D('',#2180,#1778,#1779);
#1495=AXIS2_PLACEMENT_3D('',#2189,#1784,#1785);
#1496=AXIS2_PLACEMENT_3D('',#2191,#1786,#1787);
#1497=AXIS2_PLACEMENT_3D('',#2193,#1788,#1789);
#1498=AXIS2_PLACEMENT_3D('',#2195,#1791,#1792);
#1499=AXIS2_PLACEMENT_3D('',#2201,#1796,#1797);
#1500=AXIS2_PLACEMENT_3D('',#2202,#1798,#1799);
#1501=AXIS2_PLACEMENT_3D('',#2203,#1800,#1801);
#1502=AXIS2_PLACEMENT_3D('',#2204,#1802,#1803);
#1503=AXIS2_PLACEMENT_3D('',#2207,#1804,#1805);
#1504=AXIS2_PLACEMENT_3D('',#2211,#1807,#1808);
#1505=AXIS2_PLACEMENT_3D('',#2213,#1810,#1811);
#1506=AXIS2_PLACEMENT_3D('',#2219,#1815,#1816);
#1507=AXIS2_PLACEMENT_3D('',#2221,#1817,#1818);
#1508=AXIS2_PLACEMENT_3D('',#2223,#1819,#1820);
#1509=AXIS2_PLACEMENT_3D('',#2225,#1822,#1823);
#1510=AXIS2_PLACEMENT_3D('',#2228,#1826,#1827);
#1511=AXIS2_PLACEMENT_3D('',#2237,#1832,#1833);
#1512=AXIS2_PLACEMENT_3D('',#2239,#1834,#1835);
#1513=AXIS2_PLACEMENT_3D('',#2241,#1836,#1837);
#1514=AXIS2_PLACEMENT_3D('',#2243,#1839,#1840);
#1515=AXIS2_PLACEMENT_3D('',#2249,#1844,#1845);
#1516=AXIS2_PLACEMENT_3D('',#2250,#1846,#1847);
#1517=AXIS2_PLACEMENT_3D('',#2251,#1848,#1849);
#1518=AXIS2_PLACEMENT_3D('',#2252,#1850,#1851);
#1519=AXIS2_PLACEMENT_3D('',#2255,#1852,#1853);
#1520=AXIS2_PLACEMENT_3D('',#2259,#1855,#1856);
#1521=AXIS2_PLACEMENT_3D('',#2261,#1858,#1859);
#1522=AXIS2_PLACEMENT_3D('',#2267,#1863,#1864);
#1523=AXIS2_PLACEMENT_3D('',#2269,#1865,#1866);
#1524=AXIS2_PLACEMENT_3D('',#2271,#1867,#1868);
#1525=AXIS2_PLACEMENT_3D('',#2273,#1870,#1871);
#1526=AXIS2_PLACEMENT_3D('',#2276,#1874,#1875);
#1527=AXIS2_PLACEMENT_3D('',#2285,#1880,#1881);
#1528=AXIS2_PLACEMENT_3D('',#2287,#1882,#1883);
#1529=AXIS2_PLACEMENT_3D('',#2289,#1884,#1885);
#1530=AXIS2_PLACEMENT_3D('',#2291,#1887,#1888);
#1531=AXIS2_PLACEMENT_3D('',#2297,#1892,#1893);
#1532=AXIS2_PLACEMENT_3D('',#2298,#1894,#1895);
#1533=AXIS2_PLACEMENT_3D('',#2299,#1896,#1897);
#1534=AXIS2_PLACEMENT_3D('',#2300,#1898,#1899);
#1535=AXIS2_PLACEMENT_3D('',#2303,#1900,#1901);
#1536=AXIS2_PLACEMENT_3D('',#2307,#1903,#1904);
#1537=AXIS2_PLACEMENT_3D('',#2309,#1906,#1907);
#1538=AXIS2_PLACEMENT_3D('',#2315,#1911,#1912);
#1539=AXIS2_PLACEMENT_3D('',#2317,#1913,#1914);
#1540=AXIS2_PLACEMENT_3D('',#2319,#1915,#1916);
#1541=AXIS2_PLACEMENT_3D('',#2321,#1918,#1919);
#1542=AXIS2_PLACEMENT_3D('',#2324,#1922,#1923);
#1543=AXIS2_PLACEMENT_3D('',#2333,#1928,#1929);
#1544=AXIS2_PLACEMENT_3D('',#2335,#1930,#1931);
#1545=AXIS2_PLACEMENT_3D('',#2337,#1932,#1933);
#1546=AXIS2_PLACEMENT_3D('',#2339,#1935,#1936);
#1547=AXIS2_PLACEMENT_3D('',#2345,#1940,#1941);
#1548=AXIS2_PLACEMENT_3D('',#2346,#1942,#1943);
#1549=AXIS2_PLACEMENT_3D('',#2347,#1944,#1945);
#1550=AXIS2_PLACEMENT_3D('',#2348,#1946,#1947);
#1551=AXIS2_PLACEMENT_3D('',#2350,#1948,#1949);
#1552=AXIS2_PLACEMENT_3D('',#2353,#1951,#1952);
#1553=AXIS2_PLACEMENT_3D('',#2354,#1953,#1954);
#1554=AXIS2_PLACEMENT_3D('',#2355,#1955,#1956);
#1555=DIRECTION('axis',(0.,0.,1.));
#1556=DIRECTION('refdir',(1.,0.,0.));
#1557=DIRECTION('center_axis',(0.309016994374947,-0.951056516295154,0.));
#1558=DIRECTION('ref_axis',(0.951056516295154,0.309016994374947,0.));
#1559=DIRECTION('',(0.951056516295154,0.309016994374947,0.));
#1560=DIRECTION('',(0.,0.,1.));
#1561=DIRECTION('',(0.951056516295154,0.309016994374947,0.));
#1562=DIRECTION('',(0.,0.,1.));
#1563=DIRECTION('center_axis',(0.,0.,1.));
#1564=DIRECTION('ref_axis',(1.,0.,0.));
#1565=DIRECTION('center_axis',(0.,0.,1.));
#1566=DIRECTION('ref_axis',(1.,0.,0.));
#1567=DIRECTION('center_axis',(0.,0.,1.));
#1568=DIRECTION('ref_axis',(1.,0.,0.));
#1569=DIRECTION('',(0.,0.,1.));
#1570=DIRECTION('center_axis',(-0.309016994374947,0.951056516295154,0.));
#1571=DIRECTION('ref_axis',(-0.951056516295154,-0.309016994374947,0.));
#1572=DIRECTION('',(-0.951056516295154,-0.309016994374947,0.));
#1573=DIRECTION('',(-0.951056516295154,-0.309016994374947,0.));
#1574=DIRECTION('',(0.,0.,1.));
#1575=DIRECTION('center_axis',(0.,0.,1.));
#1576=DIRECTION('ref_axis',(1.,0.,0.));
#1577=DIRECTION('center_axis',(0.,0.,-1.));
#1578=DIRECTION('ref_axis',(1.,0.,0.));
#1579=DIRECTION('center_axis',(0.,0.,-1.));
#1580=DIRECTION('ref_axis',(1.,0.,0.));
#1581=DIRECTION('center_axis',(1.,0.,0.));
#1582=DIRECTION('ref_axis',(0.,1.,0.));
#1583=DIRECTION('',(0.,1.,0.));
#1584=DIRECTION('',(0.,0.,1.));
#1585=DIRECTION('',(0.,1.,0.));
#1586=DIRECTION('',(0.,0.,1.));
#1587=DIRECTION('center_axis',(0.,0.,1.));
#1588=DIRECTION('ref_axis',(1.,0.,0.));
#1589=DIRECTION('center_axis',(0.,0.,1.));
#1590=DIRECTION('ref_axis',(1.,0.,0.));
#1591=DIRECTION('center_axis',(0.,0.,1.));
#1592=DIRECTION('ref_axis',(1.,0.,0.));
#1593=DIRECTION('',(0.,0.,1.));
#1594=DIRECTION('center_axis',(-1.,0.,0.));
#1595=DIRECTION('ref_axis',(0.,-1.,0.));
#1596=DIRECTION('',(0.,-1.,0.));
#1597=DIRECTION('',(0.,-1.,0.));
#1598=DIRECTION('',(0.,0.,1.));
#1599=DIRECTION('center_axis',(0.,0.,1.));
#1600=DIRECTION('ref_axis',(1.,0.,0.));
#1601=DIRECTION('center_axis',(0.,0.,-1.));
#1602=DIRECTION('ref_axis',(1.,0.,0.));
#1603=DIRECTION('center_axis',(0.,0.,-1.));
#1604=DIRECTION('ref_axis',(1.,0.,0.));
#1605=DIRECTION('center_axis',(-0.809016994374948,0.587785252292473,0.));
#1606=DIRECTION('ref_axis',(-0.587785252292473,-0.809016994374948,0.));
#1607=DIRECTION('',(-0.587785252292473,-0.809016994374947,0.));
#1608=DIRECTION('',(0.,0.,1.));
#1609=DIRECTION('',(-0.587785252292473,-0.809016994374947,0.));
#1610=DIRECTION('',(0.,0.,1.));
#1611=DIRECTION('center_axis',(0.,0.,1.));
#1612=DIRECTION('ref_axis',(1.,0.,0.));
#1613=DIRECTION('center_axis',(0.,0.,1.));
#1614=DIRECTION('ref_axis',(1.,0.,0.));
#1615=DIRECTION('center_axis',(0.,0.,1.));
#1616=DIRECTION('ref_axis',(1.,0.,0.));
#1617=DIRECTION('',(0.,0.,1.));
#1618=DIRECTION('center_axis',(0.809016994374947,-0.587785252292473,0.));
#1619=DIRECTION('ref_axis',(0.587785252292473,0.809016994374947,0.));
#1620=DIRECTION('',(0.587785252292473,0.809016994374947,0.));
#1621=DIRECTION('',(0.587785252292473,0.809016994374947,0.));
#1622=DIRECTION('',(0.,0.,1.));
#1623=DIRECTION('center_axis',(0.,0.,1.));
#1624=DIRECTION('ref_axis',(1.,0.,0.));
#1625=DIRECTION('center_axis',(0.,0.,-1.));
#1626=DIRECTION('ref_axis',(1.,0.,0.));
#1627=DIRECTION('center_axis',(0.,0.,-1.));
#1628=DIRECTION('ref_axis',(1.,0.,0.));
#1629=DIRECTION('center_axis',(0.,0.,1.));
#1630=DIRECTION('ref_axis',(1.,0.,0.));
#1631=DIRECTION('center_axis',(0.,0.,1.));
#1632=DIRECTION('ref_axis',(1.,0.,0.));
#1633=DIRECTION('',(0.,0.,1.));
#1634=DIRECTION('center_axis',(0.,0.,1.));
#1635=DIRECTION('ref_axis',(1.,0.,0.));
#1636=DIRECTION('',(0.,0.,1.));
#1637=DIRECTION('center_axis',(0.5,-0.866025403784439,0.));
#1638=DIRECTION('ref_axis',(0.866025403784439,0.5,0.));
#1639=DIRECTION('',(0.866025403784439,0.5,0.));
#1640=DIRECTION('',(0.866025403784439,0.5,0.));
#1641=DIRECTION('',(0.,0.,1.));
#1642=DIRECTION('center_axis',(0.,0.,1.));
#1643=DIRECTION('ref_axis',(1.,0.,0.));
#1644=DIRECTION('center_axis',(0.,0.,-1.));
#1645=DIRECTION('ref_axis',(1.,0.,0.));
#1646=DIRECTION('center_axis',(0.,0.,-1.));
#1647=DIRECTION('ref_axis',(1.,0.,0.));
#1648=DIRECTION('',(0.,0.,1.));
#1649=DIRECTION('center_axis',(-0.5,0.866025403784439,0.));
#1650=DIRECTION('ref_axis',(-0.866025403784439,-0.5,0.));
#1651=DIRECTION('',(-0.866025403784439,-0.5,0.));
#1652=DIRECTION('',(-0.866025403784439,-0.5,0.));
#1653=DIRECTION('center_axis',(-0.809016994374948,-0.587785252292473,0.));
#1654=DIRECTION('ref_axis',(0.587785252292473,-0.809016994374948,0.));
#1655=DIRECTION('',(0.587785252292473,-0.809016994374948,0.));
#1656=DIRECTION('',(0.,0.,1.));
#1657=DIRECTION('',(0.587785252292473,-0.809016994374948,0.));
#1658=DIRECTION('',(0.,0.,1.));
#1659=DIRECTION('center_axis',(0.,0.,1.));
#1660=DIRECTION('ref_axis',(1.,0.,0.));
#1661=DIRECTION('center_axis',(0.,0.,1.));
#1662=DIRECTION('ref_axis',(1.,0.,0.));
#1663=DIRECTION('center_axis',(0.,0.,1.));
#1664=DIRECTION('ref_axis',(1.,0.,0.));
#1665=DIRECTION('',(0.,0.,1.));
#1666=DIRECTION('center_axis',(0.809016994374948,0.587785252292472,0.));
#1667=DIRECTION('ref_axis',(-0.587785252292472,0.809016994374948,0.));
#1668=DIRECTION('',(-0.587785252292472,0.809016994374948,0.));
#1669=DIRECTION('',(-0.587785252292472,0.809016994374948,0.));
#1670=DIRECTION('',(0.,0.,1.));
#1671=DIRECTION('center_axis',(0.,0.,1.));
#1672=DIRECTION('ref_axis',(1.,0.,0.));
#1673=DIRECTION('center_axis',(0.,0.,-1.));
#1674=DIRECTION('ref_axis',(1.,0.,0.));
#1675=DIRECTION('center_axis',(0.,0.,-1.));
#1676=DIRECTION('ref_axis',(1.,0.,0.));
#1677=DIRECTION('center_axis',(1.,0.,0.));
#1678=DIRECTION('ref_axis',(0.,1.,0.));
#1679=DIRECTION('',(0.,1.,0.));
#1680=DIRECTION('',(0.,0.,1.));
#1681=DIRECTION('',(0.,1.,0.));
#1682=DIRECTION('',(0.,0.,1.));
#1683=DIRECTION('center_axis',(0.,0.,1.));
#1684=DIRECTION('ref_axis',(1.,0.,0.));
#1685=DIRECTION('center_axis',(0.,0.,1.));
#1686=DIRECTION('ref_axis',(1.,0.,0.));
#1687=DIRECTION('center_axis',(0.,0.,1.));
#1688=DIRECTION('ref_axis',(1.,0.,0.));
#1689=DIRECTION('',(0.,0.,1.));
#1690=DIRECTION('center_axis',(-1.,0.,0.));
#1691=DIRECTION('ref_axis',(0.,-1.,0.));
#1692=DIRECTION('',(0.,-1.,0.));
#1693=DIRECTION('',(0.,-1.,0.));
#1694=DIRECTION('',(0.,0.,1.));
#1695=DIRECTION('center_axis',(0.,0.,1.));
#1696=DIRECTION('ref_axis',(1.,0.,0.));
#1697=DIRECTION('center_axis',(0.,0.,-1.));
#1698=DIRECTION('ref_axis',(1.,0.,0.));
#1699=DIRECTION('center_axis',(0.,0.,-1.));
#1700=DIRECTION('ref_axis',(1.,0.,0.));
#1701=DIRECTION('center_axis',(0.5,-0.866025403784439,0.));
#1702=DIRECTION('ref_axis',(0.866025403784439,0.5,0.));
#1703=DIRECTION('',(0.866025403784439,0.5,0.));
#1704=DIRECTION('',(0.,0.,1.));
#1705=DIRECTION('',(0.866025403784439,0.5,0.));
#1706=DIRECTION('',(0.,0.,1.));
#1707=DIRECTION('center_axis',(0.,0.,1.));
#1708=DIRECTION('ref_axis',(1.,0.,0.));
#1709=DIRECTION('center_axis',(0.,0.,1.));
#1710=DIRECTION('ref_axis',(1.,0.,0.));
#1711=DIRECTION('center_axis',(0.,0.,1.));
#1712=DIRECTION('ref_axis',(1.,0.,0.));
#1713=DIRECTION('',(0.,0.,1.));
#1714=DIRECTION('center_axis',(-0.5,0.866025403784439,0.));
#1715=DIRECTION('ref_axis',(-0.866025403784439,-0.5,0.));
#1716=DIRECTION('',(-0.866025403784439,-0.5,0.));
#1717=DIRECTION('',(-0.866025403784439,-0.5,0.));
#1718=DIRECTION('',(0.,0.,1.));
#1719=DIRECTION('center_axis',(0.,0.,1.));
#1720=DIRECTION('ref_axis',(1.,0.,0.));
#1721=DIRECTION('center_axis',(0.,0.,-1.));
#1722=DIRECTION('ref_axis',(1.,0.,0.));
#1723=DIRECTION('center_axis',(0.,0.,-1.));
#1724=DIRECTION('ref_axis',(1.,0.,0.));
#1725=DIRECTION('',(0.,0.,1.));
#1726=DIRECTION('center_axis',(-0.866025403784439,-0.5,0.));
#1727=DIRECTION('ref_axis',(0.5,-0.866025403784439,0.));
#1728=DIRECTION('',(0.5,-0.866025403784439,0.));
#1729=DIRECTION('',(0.5,-0.866025403784439,0.));
#1730=DIRECTION('center_axis',(0.309016994374947,0.951056516295154,0.));
#1731=DIRECTION('ref_axis',(-0.951056516295154,0.309016994374947,0.));
#1732=DIRECTION('',(-0.951056516295154,0.309016994374947,0.));
#1733=DIRECTION('',(0.,0.,1.));
#1734=DIRECTION('',(-0.951056516295154,0.309016994374947,0.));
#1735=DIRECTION('',(0.,0.,1.));
#1736=DIRECTION('center_axis',(0.,0.,1.));
#1737=DIRECTION('ref_axis',(1.,0.,0.));
#1738=DIRECTION('center_axis',(0.,0.,1.));
#1739=DIRECTION('ref_axis',(1.,0.,0.));
#1740=DIRECTION('center_axis',(0.,0.,1.));
#1741=DIRECTION('ref_axis',(1.,0.,0.));
#1742=DIRECTION('',(0.,0.,1.));
#1743=DIRECTION('center_axis',(-0.309016994374948,-0.951056516295153,0.));
#1744=DIRECTION('ref_axis',(0.951056516295153,-0.309016994374948,0.));
#1745=DIRECTION('',(0.951056516295153,-0.309016994374948,0.));
#1746=DIRECTION('',(0.951056516295153,-0.309016994374948,0.));
#1747=DIRECTION('',(0.,0.,1.));
#1748=DIRECTION('center_axis',(0.,0.,1.));
#1749=DIRECTION('ref_axis',(1.,0.,0.));
#1750=DIRECTION('center_axis',(0.,0.,-1.));
#1751=DIRECTION('ref_axis',(1.,0.,0.));
#1752=DIRECTION('center_axis',(0.,0.,-1.));
#1753=DIRECTION('ref_axis',(1.,0.,0.));
#1754=DIRECTION('center_axis',(-0.309016994374948,-0.951056516295154,0.));
#1755=DIRECTION('ref_axis',(0.951056516295153,-0.309016994374948,0.));
#1756=DIRECTION('',(0.951056516295154,-0.309016994374948,0.));
#1757=DIRECTION('',(0.,0.,1.));
#1758=DIRECTION('',(0.951056516295154,-0.309016994374948,0.));
#1759=DIRECTION('',(0.,0.,1.));
#1760=DIRECTION('center_axis',(0.,0.,1.));
#1761=DIRECTION('ref_axis',(1.,0.,0.));
#1762=DIRECTION('center_axis',(0.,0.,1.));
#1763=DIRECTION('ref_axis',(1.,0.,0.));
#1764=DIRECTION('center_axis',(0.,0.,1.));
#1765=DIRECTION('ref_axis',(1.,0.,0.));
#1766=DIRECTION('',(0.,0.,1.));
#1767=DIRECTION('center_axis',(0.309016994374947,0.951056516295154,0.));
#1768=DIRECTION('ref_axis',(-0.951056516295154,0.309016994374947,0.));
#1769=DIRECTION('',(-0.951056516295154,0.309016994374947,0.));
#1770=DIRECTION('',(-0.951056516295154,0.309016994374947,0.));
#1771=DIRECTION('',(0.,0.,1.));
#1772=DIRECTION('center_axis',(0.,0.,1.));
#1773=DIRECTION('ref_axis',(1.,0.,0.));
#1774=DIRECTION('center_axis',(0.,0.,-1.));
#1775=DIRECTION('ref_axis',(1.,0.,0.));
#1776=DIRECTION('center_axis',(0.,0.,-1.));
#1777=DIRECTION('ref_axis',(1.,0.,0.));
#1778=DIRECTION('center_axis',(0.809016994374947,-0.587785252292473,0.));
#1779=DIRECTION('ref_axis',(0.587785252292473,0.809016994374947,0.));
#1780=DIRECTION('',(0.587785252292473,0.809016994374947,0.));
#1781=DIRECTION('',(0.,0.,1.));
#1782=DIRECTION('',(0.587785252292473,0.809016994374947,0.));
#1783=DIRECTION('',(0.,0.,1.));
#1784=DIRECTION('center_axis',(0.,0.,1.));
#1785=DIRECTION('ref_axis',(1.,0.,0.));
#1786=DIRECTION('center_axis',(0.,0.,1.));
#1787=DIRECTION('ref_axis',(1.,0.,0.));
#1788=DIRECTION('center_axis',(0.,0.,1.));
#1789=DIRECTION('ref_axis',(1.,0.,0.));
#1790=DIRECTION('',(0.,0.,1.));
#1791=DIRECTION('center_axis',(-0.809016994374947,0.587785252292474,0.));
#1792=DIRECTION('ref_axis',(-0.587785252292474,-0.809016994374947,0.));
#1793=DIRECTION('',(-0.587785252292474,-0.809016994374947,0.));
#1794=DIRECTION('',(-0.587785252292474,-0.809016994374947,0.));
#1795=DIRECTION('',(0.,0.,1.));
#1796=DIRECTION('center_axis',(0.,0.,1.));
#1797=DIRECTION('ref_axis',(1.,0.,0.));
#1798=DIRECTION('center_axis',(0.,0.,-1.));
#1799=DIRECTION('ref_axis',(1.,0.,0.));
#1800=DIRECTION('center_axis',(0.,0.,-1.));
#1801=DIRECTION('ref_axis',(1.,0.,0.));
#1802=DIRECTION('center_axis',(0.,0.,1.));
#1803=DIRECTION('ref_axis',(1.,0.,0.));
#1804=DIRECTION('center_axis',(0.,0.,1.));
#1805=DIRECTION('ref_axis',(1.,0.,0.));
#1806=DIRECTION('',(0.,0.,1.));
#1807=DIRECTION('center_axis',(0.,0.,1.));
#1808=DIRECTION('ref_axis',(1.,0.,0.));
#1809=DIRECTION('',(0.,0.,1.));
#1810=DIRECTION('center_axis',(0.5,0.866025403784439,0.));
#1811=DIRECTION('ref_axis',(-0.866025403784439,0.5,0.));
#1812=DIRECTION('',(-0.866025403784439,0.5,0.));
#1813=DIRECTION('',(-0.866025403784439,0.5,0.));
#1814=DIRECTION('',(0.,0.,1.));
#1815=DIRECTION('center_axis',(0.,0.,1.));
#1816=DIRECTION('ref_axis',(1.,0.,0.));
#1817=DIRECTION('center_axis',(0.,0.,-1.));
#1818=DIRECTION('ref_axis',(1.,0.,0.));
#1819=DIRECTION('center_axis',(0.,0.,-1.));
#1820=DIRECTION('ref_axis',(1.,0.,0.));
#1821=DIRECTION('',(0.,0.,1.));
#1822=DIRECTION('center_axis',(-0.5,-0.866025403784439,0.));
#1823=DIRECTION('ref_axis',(0.866025403784439,-0.5,0.));
#1824=DIRECTION('',(0.866025403784439,-0.5,0.));
#1825=DIRECTION('',(0.866025403784439,-0.5,0.));
#1826=DIRECTION('center_axis',(-1.,1.63890017197354E-16,0.));
#1827=DIRECTION('ref_axis',(-1.63890017197354E-16,-1.,0.));
#1828=DIRECTION('',(-1.63890017197354E-16,-1.,0.));
#1829=DIRECTION('',(0.,0.,1.));
#1830=DIRECTION('',(-1.63890017197354E-16,-1.,0.));
#1831=DIRECTION('',(0.,0.,1.));
#1832=DIRECTION('center_axis',(0.,0.,1.));
#1833=DIRECTION('ref_axis',(1.,0.,0.));
#1834=DIRECTION('center_axis',(0.,0.,1.));
#1835=DIRECTION('ref_axis',(1.,0.,0.));
#1836=DIRECTION('center_axis',(0.,0.,1.));
#1837=DIRECTION('ref_axis',(1.,0.,0.));
#1838=DIRECTION('',(0.,0.,1.));
#1839=DIRECTION('center_axis',(1.,-1.63890017197354E-16,0.));
#1840=DIRECTION('ref_axis',(1.63890017197354E-16,1.,0.));
#1841=DIRECTION('',(1.63890017197354E-16,1.,0.));
#1842=DIRECTION('',(1.63890017197354E-16,1.,0.));
#1843=DIRECTION('',(0.,0.,1.));
#1844=DIRECTION('center_axis',(0.,0.,1.));
#1845=DIRECTION('ref_axis',(1.,0.,0.));
#1846=DIRECTION('center_axis',(0.,0.,-1.));
#1847=DIRECTION('ref_axis',(1.,0.,0.));
#1848=DIRECTION('center_axis',(0.,0.,-1.));
#1849=DIRECTION('ref_axis',(1.,0.,0.));
#1850=DIRECTION('center_axis',(0.,0.,1.));
#1851=DIRECTION('ref_axis',(1.,0.,0.));
#1852=DIRECTION('center_axis',(0.,0.,-1.));
#1853=DIRECTION('ref_axis',(1.,0.,0.));
#1854=DIRECTION('',(0.,0.,1.));
#1855=DIRECTION('center_axis',(0.,0.,-1.));
#1856=DIRECTION('ref_axis',(1.,0.,0.));
#1857=DIRECTION('',(0.,0.,1.));
#1858=DIRECTION('center_axis',(-1.,0.,0.));
#1859=DIRECTION('ref_axis',(0.,-1.,0.));
#1860=DIRECTION('',(0.,-1.,0.));
#1861=DIRECTION('',(0.,-1.,0.));
#1862=DIRECTION('',(0.,0.,1.));
#1863=DIRECTION('center_axis',(0.,0.,1.));
#1864=DIRECTION('ref_axis',(1.,0.,0.));
#1865=DIRECTION('center_axis',(0.,0.,1.));
#1866=DIRECTION('ref_axis',(1.,0.,0.));
#1867=DIRECTION('center_axis',(0.,0.,1.));
#1868=DIRECTION('ref_axis',(1.,0.,0.));
#1869=DIRECTION('',(0.,0.,1.));
#1870=DIRECTION('center_axis',(1.,0.,0.));
#1871=DIRECTION('ref_axis',(0.,1.,0.));
#1872=DIRECTION('',(0.,1.,0.));
#1873=DIRECTION('',(0.,1.,0.));
#1874=DIRECTION('center_axis',(-0.309016994374948,0.951056516295153,0.));
#1875=DIRECTION('ref_axis',(-0.951056516295153,-0.309016994374948,0.));
#1876=DIRECTION('',(-0.951056516295153,-0.309016994374948,0.));
#1877=DIRECTION('',(0.,0.,1.));
#1878=DIRECTION('',(-0.951056516295153,-0.309016994374948,0.));
#1879=DIRECTION('',(0.,0.,1.));
#1880=DIRECTION('center_axis',(0.,0.,1.));
#1881=DIRECTION('ref_axis',(1.,0.,0.));
#1882=DIRECTION('center_axis',(0.,0.,1.));
#1883=DIRECTION('ref_axis',(1.,0.,0.));
#1884=DIRECTION('center_axis',(0.,0.,1.));
#1885=DIRECTION('ref_axis',(1.,0.,0.));
#1886=DIRECTION('',(0.,0.,1.));
#1887=DIRECTION('center_axis',(0.309016994374947,-0.951056516295154,0.));
#1888=DIRECTION('ref_axis',(0.951056516295154,0.309016994374947,0.));
#1889=DIRECTION('',(0.951056516295154,0.309016994374947,0.));
#1890=DIRECTION('',(0.951056516295154,0.309016994374947,0.));
#1891=DIRECTION('',(0.,0.,1.));
#1892=DIRECTION('center_axis',(0.,0.,1.));
#1893=DIRECTION('ref_axis',(1.,0.,0.));
#1894=DIRECTION('center_axis',(0.,0.,-1.));
#1895=DIRECTION('ref_axis',(1.,0.,0.));
#1896=DIRECTION('center_axis',(0.,0.,-1.));
#1897=DIRECTION('ref_axis',(1.,0.,0.));
#1898=DIRECTION('center_axis',(0.,0.,1.));
#1899=DIRECTION('ref_axis',(1.,0.,0.));
#1900=DIRECTION('center_axis',(0.,0.,1.));
#1901=DIRECTION('ref_axis',(1.,0.,0.));
#1902=DIRECTION('',(0.,0.,1.));
#1903=DIRECTION('center_axis',(0.,0.,1.));
#1904=DIRECTION('ref_axis',(1.,0.,0.));
#1905=DIRECTION('',(0.,0.,1.));
#1906=DIRECTION('center_axis',(-0.5,-0.866025403784439,0.));
#1907=DIRECTION('ref_axis',(0.866025403784439,-0.5,0.));
#1908=DIRECTION('',(0.866025403784439,-0.5,0.));
#1909=DIRECTION('',(0.866025403784439,-0.5,0.));
#1910=DIRECTION('',(0.,0.,1.));
#1911=DIRECTION('center_axis',(0.,0.,1.));
#1912=DIRECTION('ref_axis',(1.,0.,0.));
#1913=DIRECTION('center_axis',(0.,0.,-1.));
#1914=DIRECTION('ref_axis',(1.,0.,0.));
#1915=DIRECTION('center_axis',(0.,0.,-1.));
#1916=DIRECTION('ref_axis',(1.,0.,0.));
#1917=DIRECTION('',(0.,0.,1.));
#1918=DIRECTION('center_axis',(0.5,0.866025403784439,0.));
#1919=DIRECTION('ref_axis',(-0.866025403784439,0.5,0.));
#1920=DIRECTION('',(-0.866025403784439,0.5,0.));
#1921=DIRECTION('',(-0.866025403784439,0.5,0.));
#1922=DIRECTION('center_axis',(0.809016994374948,0.587785252292473,0.));
#1923=DIRECTION('ref_axis',(-0.587785252292473,0.809016994374948,0.));
#1924=DIRECTION('',(-0.587785252292473,0.809016994374948,0.));
#1925=DIRECTION('',(0.,0.,1.));
#1926=DIRECTION('',(-0.587785252292473,0.809016994374948,0.));
#1927=DIRECTION('',(0.,0.,1.));
#1928=DIRECTION('center_axis',(0.,0.,1.));
#1929=DIRECTION('ref_axis',(1.,0.,0.));
#1930=DIRECTION('center_axis',(0.,0.,1.));
#1931=DIRECTION('ref_axis',(1.,0.,0.));
#1932=DIRECTION('center_axis',(0.,0.,1.));
#1933=DIRECTION('ref_axis',(1.,0.,0.));
#1934=DIRECTION('',(0.,0.,1.));
#1935=DIRECTION('center_axis',(-0.809016994374948,-0.587785252292472,0.));
#1936=DIRECTION('ref_axis',(0.587785252292472,-0.809016994374948,0.));
#1937=DIRECTION('',(0.587785252292472,-0.809016994374948,0.));
#1938=DIRECTION('',(0.587785252292472,-0.809016994374948,0.));
#1939=DIRECTION('',(0.,0.,1.));
#1940=DIRECTION('center_axis',(0.,0.,1.));
#1941=DIRECTION('ref_axis',(1.,0.,0.));
#1942=DIRECTION('center_axis',(0.,0.,-1.));
#1943=DIRECTION('ref_axis',(1.,0.,0.));
#1944=DIRECTION('center_axis',(0.,0.,-1.));
#1945=DIRECTION('ref_axis',(1.,0.,0.));
#1946=DIRECTION('center_axis',(0.,0.,1.));
#1947=DIRECTION('ref_axis',(1.,0.,0.));
#1948=DIRECTION('center_axis',(0.,0.,1.));
#1949=DIRECTION('ref_axis',(1.,0.,0.));
#1950=DIRECTION('',(0.,0.,-1.));
#1951=DIRECTION('center_axis',(0.,0.,1.));
#1952=DIRECTION('ref_axis',(1.,0.,0.));
#1953=DIRECTION('center_axis',(0.,0.,1.));
#1954=DIRECTION('ref_axis',(1.,0.,0.));
#1955=DIRECTION('center_axis',(0.,0.,1.));
#1956=DIRECTION('ref_axis',(1.,0.,0.));
#1957=CARTESIAN_POINT('',(0.,0.,0.));
#1958=CARTESIAN_POINT('Origin',(0.841828215179061,0.41603491445311,0.));
#1959=CARTESIAN_POINT('',(0.841828215179061,0.41603491445311,0.));
#1960=CARTESIAN_POINT('',(0.914591401147202,0.439677106734817,0.));
#1961=CARTESIAN_POINT('',(0.914591401147202,0.439677106734817,0.));
#1962=CARTESIAN_POINT('',(0.914591401147202,0.439677106734817,0.1));
#1963=CARTESIAN_POINT('',(0.914591401147202,0.439677106734817,0.));
#1964=CARTESIAN_POINT('',(0.841828215179061,0.41603491445311,0.1));
#1965=CARTESIAN_POINT('',(0.914591401147202,0.439677106734817,0.1));
#1966=CARTESIAN_POINT('',(0.841828215179061,0.41603491445311,0.));
#1967=CARTESIAN_POINT('Origin',(0.,0.,0.));
#1968=CARTESIAN_POINT('',(0.925592519578489,0.158234893800053,0.));
#1969=CARTESIAN_POINT('Origin',(0.,0.,0.));
#1970=CARTESIAN_POINT('',(0.925592519578489,0.158234893800052,0.1));
#1971=CARTESIAN_POINT('Origin',(0.,0.,0.1));
#1972=CARTESIAN_POINT('',(0.925592519578489,0.158234893800053,0.));
#1973=CARTESIAN_POINT('Origin',(0.998355705546631,0.181877086081759,0.));
#1974=CARTESIAN_POINT('',(0.998355705546631,0.181877086081759,0.));
#1975=CARTESIAN_POINT('',(0.871532028042291,0.140669575311909,0.));
#1976=CARTESIAN_POINT('',(0.998355705546631,0.181877086081759,0.1));
#1977=CARTESIAN_POINT('',(0.871532028042291,0.140669575311909,0.1));
#1978=CARTESIAN_POINT('',(0.998355705546631,0.181877086081759,0.));
#1979=CARTESIAN_POINT('Origin',(0.,0.,0.));
#1980=CARTESIAN_POINT('Origin',(0.,0.,0.));
#1981=CARTESIAN_POINT('Origin',(0.,0.,0.1));
#1982=CARTESIAN_POINT('Origin',(-0.242497895508289,1.2407413969289,0.));
#1983=CARTESIAN_POINT('',(-0.242497895508289,1.2407413969289,0.));
#1984=CARTESIAN_POINT('',(-0.242497895508289,1.48026847925437,0.));
#1985=CARTESIAN_POINT('',(-0.242497895508289,1.225,0.));
#1986=CARTESIAN_POINT('',(-0.242497895508289,1.48026847925437,0.1));
#1987=CARTESIAN_POINT('',(-0.242497895508289,1.48026847925437,0.));
#1988=CARTESIAN_POINT('',(-0.242497895508289,1.2407413969289,0.1));
#1989=CARTESIAN_POINT('',(-0.242497895508289,1.225,0.1));
#1990=CARTESIAN_POINT('',(-0.242497895508289,1.2407413969289,0.));
#1991=CARTESIAN_POINT('Origin',(0.,0.,0.));
#1992=CARTESIAN_POINT('',(0.24249789550829,1.2407413969289,0.));
#1993=CARTESIAN_POINT('Origin',(0.,0.,0.));
#1994=CARTESIAN_POINT('',(0.24249789550829,1.2407413969289,0.1));
#1995=CARTESIAN_POINT('Origin',(0.,0.,0.1));
#1996=CARTESIAN_POINT('',(0.24249789550829,1.2407413969289,0.));
#1997=CARTESIAN_POINT('Origin',(0.242497895508289,1.48026847925437,0.));
#1998=CARTESIAN_POINT('',(0.242497895508289,1.48026847925437,0.));
#1999=CARTESIAN_POINT('',(0.242497895508289,1.775,0.));
#2000=CARTESIAN_POINT('',(0.242497895508289,1.48026847925437,0.1));
#2001=CARTESIAN_POINT('',(0.242497895508289,1.775,0.1));
#2002=CARTESIAN_POINT('',(0.242497895508289,1.48026847925437,0.));
#2003=CARTESIAN_POINT('Origin',(0.,0.,0.));
#2004=CARTESIAN_POINT('Origin',(0.,0.,0.));
#2005=CARTESIAN_POINT('Origin',(0.,0.,0.1));
#2006=CARTESIAN_POINT('Origin',(-0.436514145269891,-0.83139352589184,0.));
#2007=CARTESIAN_POINT('',(-0.436514145269891,-0.83139352589184,0.));
#2008=CARTESIAN_POINT('',(-0.481484267327932,-0.89328958885391,0.));
#2009=CARTESIAN_POINT('',(-0.481484267327932,-0.89328958885391,0.));
#2010=CARTESIAN_POINT('',(-0.481484267327932,-0.89328958885391,0.1));
#2011=CARTESIAN_POINT('',(-0.481484267327932,-0.89328958885391,0.));
#2012=CARTESIAN_POINT('',(-0.436514145269891,-0.83139352589184,0.1));
#2013=CARTESIAN_POINT('',(-0.481484267327932,-0.89328958885391,0.1));
#2014=CARTESIAN_POINT('',(-0.436514145269891,-0.83139352589184,0.));
#2015=CARTESIAN_POINT('Origin',(0.,0.,0.));
#2016=CARTESIAN_POINT('',(-0.655811941231587,-0.672064350827826,0.));
#2017=CARTESIAN_POINT('Origin',(0.,0.,0.));
#2018=CARTESIAN_POINT('',(-0.655811941231587,-0.672064350827826,0.1));
#2019=CARTESIAN_POINT('Origin',(0.,0.,0.1));
#2020=CARTESIAN_POINT('',(-0.655811941231587,-0.672064350827826,0.));
#2021=CARTESIAN_POINT('Origin',(-0.700782063289628,-0.733960413789895,0.));
#2022=CARTESIAN_POINT('',(-0.700782063289628,-0.733960413789895,0.));
#2023=CARTESIAN_POINT('',(-0.622400720013691,-0.62607775000265,0.));
#2024=CARTESIAN_POINT('',(-0.700782063289628,-0.733960413789895,0.1));
#2025=CARTESIAN_POINT('',(-0.622400720013691,-0.62607775000265,0.1));
#2026=CARTESIAN_POINT('',(-0.700782063289628,-0.733960413789895,0.));
#2027=CARTESIAN_POINT('Origin',(0.,0.,0.));
#2028=CARTESIAN_POINT('Origin',(0.,0.,0.));
#2029=CARTESIAN_POINT('Origin',(0.,0.,0.1));
#2030=CARTESIAN_POINT('Origin',(0.,0.,0.));
#2031=CARTESIAN_POINT('',(-1.19493410613594,-0.412767398630427,0.));
#2032=CARTESIAN_POINT('',(-0.954934106135937,-0.828459592446958,0.));
#2033=CARTESIAN_POINT('Origin',(0.,0.,0.));
#2034=CARTESIAN_POINT('',(-0.954934106135937,-0.828459592446958,0.1));
#2035=CARTESIAN_POINT('',(-0.954934106135937,-0.828459592446958,0.));
#2036=CARTESIAN_POINT('',(-1.19493410613594,-0.412767398630427,0.1));
#2037=CARTESIAN_POINT('Origin',(0.,0.,0.1));
#2038=CARTESIAN_POINT('',(-1.19493410613594,-0.412767398630427,0.));
#2039=CARTESIAN_POINT('Origin',(-1.40230261638975,-0.532491663846919,0.));
#2040=CARTESIAN_POINT('',(-1.40230261638975,-0.532491663846919,0.));
#2041=CARTESIAN_POINT('',(-1.41903810567666,-0.542153903091734,0.));
#2042=CARTESIAN_POINT('',(-1.40230261638975,-0.532491663846919,0.1));
#2043=CARTESIAN_POINT('',(-1.41903810567666,-0.542153903091734,0.1));
#2044=CARTESIAN_POINT('',(-1.40230261638975,-0.532491663846919,0.));
#2045=CARTESIAN_POINT('Origin',(0.,0.,0.));
#2046=CARTESIAN_POINT('',(-1.16230261638975,-0.948183857663449,0.));
#2047=CARTESIAN_POINT('Origin',(0.,0.,0.));
#2048=CARTESIAN_POINT('',(-1.16230261638975,-0.948183857663449,0.1));
#2049=CARTESIAN_POINT('Origin',(0.,0.,0.1));
#2050=CARTESIAN_POINT('',(-1.16230261638975,-0.948183857663449,0.));
#2051=CARTESIAN_POINT('Origin',(-0.954934106135937,-0.828459592446958,0.));
#2052=CARTESIAN_POINT('',(-1.17903810567666,-0.957846096908265,0.));
#2053=CARTESIAN_POINT('',(-1.17903810567666,-0.957846096908265,0.1));
#2054=CARTESIAN_POINT('Origin',(0.655811941231587,-0.672064350827826,0.));
#2055=CARTESIAN_POINT('',(0.655811941231587,-0.672064350827826,0.));
#2056=CARTESIAN_POINT('',(0.700782063289628,-0.733960413789896,0.));
#2057=CARTESIAN_POINT('',(0.700782063289628,-0.733960413789896,0.));
#2058=CARTESIAN_POINT('',(0.700782063289628,-0.733960413789896,0.1));
#2059=CARTESIAN_POINT('',(0.700782063289628,-0.733960413789896,0.));
#2060=CARTESIAN_POINT('',(0.655811941231587,-0.672064350827826,0.1));
#2061=CARTESIAN_POINT('',(0.700782063289628,-0.733960413789896,0.1));
#2062=CARTESIAN_POINT('',(0.655811941231587,-0.672064350827826,0.));
#2063=CARTESIAN_POINT('Origin',(0.,0.,0.));
#2064=CARTESIAN_POINT('',(0.436514145269891,-0.83139352589184,0.));
#2065=CARTESIAN_POINT('Origin',(0.,0.,0.));
#2066=CARTESIAN_POINT('',(0.436514145269891,-0.83139352589184,0.1));
#2067=CARTESIAN_POINT('Origin',(0.,0.,0.1));
#2068=CARTESIAN_POINT('',(0.436514145269891,-0.83139352589184,0.));
#2069=CARTESIAN_POINT('Origin',(0.481484267327932,-0.89328958885391,0.));
#2070=CARTESIAN_POINT('',(0.481484267327932,-0.89328958885391,0.));
#2071=CARTESIAN_POINT('',(0.403102924051995,-0.785406925066665,0.));
#2072=CARTESIAN_POINT('',(0.481484267327932,-0.89328958885391,0.1));
#2073=CARTESIAN_POINT('',(0.403102924051995,-0.785406925066665,0.1));
#2074=CARTESIAN_POINT('',(0.481484267327932,-0.89328958885391,0.));
#2075=CARTESIAN_POINT('Origin',(0.,0.,0.));
#2076=CARTESIAN_POINT('Origin',(0.,0.,0.));
#2077=CARTESIAN_POINT('Origin',(0.,0.,0.1));
#2078=CARTESIAN_POINT('Origin',(-0.135533491562268,0.929188068466503,0.));
#2079=CARTESIAN_POINT('',(-0.135533491562268,0.929188068466503,0.));
#2080=CARTESIAN_POINT('',(-0.135533491562268,1.00569580982723,0.));
#2081=CARTESIAN_POINT('',(-0.135533491562268,1.00569580982723,0.));
#2082=CARTESIAN_POINT('',(-0.135533491562268,1.00569580982723,0.1));
#2083=CARTESIAN_POINT('',(-0.135533491562268,1.00569580982723,0.));
#2084=CARTESIAN_POINT('',(-0.135533491562268,0.929188068466503,0.1));
#2085=CARTESIAN_POINT('',(-0.135533491562268,1.00569580982723,0.1));
#2086=CARTESIAN_POINT('',(-0.135533491562268,0.929188068466503,0.));
#2087=CARTESIAN_POINT('Origin',(0.,0.,0.));
#2088=CARTESIAN_POINT('',(0.135533491562268,0.929188068466503,0.));
#2089=CARTESIAN_POINT('Origin',(0.,0.,0.));
#2090=CARTESIAN_POINT('',(0.135533491562268,0.929188068466503,0.1));
#2091=CARTESIAN_POINT('Origin',(0.,0.,0.1));
#2092=CARTESIAN_POINT('',(0.135533491562268,0.929188068466503,0.));
#2093=CARTESIAN_POINT('Origin',(0.135533491562268,1.00569580982723,0.));
#2094=CARTESIAN_POINT('',(0.135533491562268,1.00569580982723,0.));
#2095=CARTESIAN_POINT('',(0.135533491562268,0.872345503792438,0.));
#2096=CARTESIAN_POINT('',(0.135533491562268,1.00569580982723,0.1));
#2097=CARTESIAN_POINT('',(0.135533491562268,0.872345503792438,0.1));
#2098=CARTESIAN_POINT('',(0.135533491562268,1.00569580982723,0.));
#2099=CARTESIAN_POINT('Origin',(0.,0.,0.));
#2100=CARTESIAN_POINT('Origin',(0.,0.,0.));
#2101=CARTESIAN_POINT('Origin',(0.,0.,0.1));
#2102=CARTESIAN_POINT('Origin',(0.954934106135937,0.828459592446958,0.));
#2103=CARTESIAN_POINT('',(0.954934106135937,0.828459592446958,0.));
#2104=CARTESIAN_POINT('',(1.17903810567666,0.957846096908265,0.));
#2105=CARTESIAN_POINT('',(1.17903810567666,0.957846096908265,0.));
#2106=CARTESIAN_POINT('',(1.17903810567666,0.957846096908265,0.1));
#2107=CARTESIAN_POINT('',(1.17903810567666,0.957846096908265,0.));
#2108=CARTESIAN_POINT('',(0.954934106135937,0.828459592446958,0.1));
#2109=CARTESIAN_POINT('',(1.17903810567666,0.957846096908265,0.1));
#2110=CARTESIAN_POINT('',(0.954934106135937,0.828459592446958,0.));
#2111=CARTESIAN_POINT('Origin',(0.,0.,0.));
#2112=CARTESIAN_POINT('',(1.19493410613594,0.412767398630427,0.));
#2113=CARTESIAN_POINT('Origin',(0.,0.,0.));
#2114=CARTESIAN_POINT('',(1.19493410613594,0.412767398630427,0.1));
#2115=CARTESIAN_POINT('Origin',(0.,0.,0.1));
#2116=CARTESIAN_POINT('',(1.19493410613594,0.412767398630427,0.));
#2117=CARTESIAN_POINT('Origin',(1.40230261638975,0.532491663846919,0.));
#2118=CARTESIAN_POINT('',(1.40230261638975,0.532491663846919,0.));
#2119=CARTESIAN_POINT('',(1.41903810567666,0.542153903091735,0.));
#2120=CARTESIAN_POINT('',(1.40230261638975,0.532491663846919,0.1));
#2121=CARTESIAN_POINT('',(1.41903810567666,0.542153903091735,0.1));
#2122=CARTESIAN_POINT('',(1.40230261638975,0.532491663846919,0.));
#2123=CARTESIAN_POINT('Origin',(0.,0.,0.));
#2124=CARTESIAN_POINT('',(1.29903810567666,0.75,0.));
#2125=CARTESIAN_POINT('Origin',(0.,0.,0.));
#2126=CARTESIAN_POINT('',(1.29903810567666,0.75,0.1));
#2127=CARTESIAN_POINT('Origin',(0.,0.,0.1));
#2128=CARTESIAN_POINT('',(1.29903810567666,0.75,0.));
#2129=CARTESIAN_POINT('Origin',(1.17903810567666,0.957846096908265,0.));
#2130=CARTESIAN_POINT('',(1.29903810567666,0.75,0.));
#2131=CARTESIAN_POINT('',(1.29903810567666,0.75,0.1));
#2132=CARTESIAN_POINT('Origin',(-0.925592519578489,0.158234893800053,0.));
#2133=CARTESIAN_POINT('',(-0.925592519578489,0.158234893800053,0.));
#2134=CARTESIAN_POINT('',(-0.998355705546631,0.18187708608176,0.));
#2135=CARTESIAN_POINT('',(-0.998355705546631,0.18187708608176,0.));
#2136=CARTESIAN_POINT('',(-0.998355705546631,0.18187708608176,0.1));
#2137=CARTESIAN_POINT('',(-0.998355705546631,0.18187708608176,0.));
#2138=CARTESIAN_POINT('',(-0.925592519578489,0.158234893800053,0.1));
#2139=CARTESIAN_POINT('',(-0.998355705546631,0.18187708608176,0.1));
#2140=CARTESIAN_POINT('',(-0.925592519578489,0.158234893800053,0.));
#2141=CARTESIAN_POINT('Origin',(0.,0.,0.));
#2142=CARTESIAN_POINT('',(-0.841828215179061,0.41603491445311,0.));
#2143=CARTESIAN_POINT('Origin',(0.,0.,0.));
#2144=CARTESIAN_POINT('',(-0.841828215179061,0.41603491445311,0.1));
#2145=CARTESIAN_POINT('Origin',(0.,0.,0.1));
#2146=CARTESIAN_POINT('',(-0.841828215179061,0.41603491445311,0.));
#2147=CARTESIAN_POINT('Origin',(-0.914591401147202,0.439677106734818,0.));
#2148=CARTESIAN_POINT('',(-0.914591401147202,0.439677106734818,0.));
#2149=CARTESIAN_POINT('',(-0.787767723642863,0.398469595964967,0.));
#2150=CARTESIAN_POINT('',(-0.914591401147202,0.439677106734818,0.1));
#2151=CARTESIAN_POINT('',(-0.787767723642863,0.398469595964967,0.1));
#2152=CARTESIAN_POINT('',(-0.914591401147202,0.439677106734818,0.));
#2153=CARTESIAN_POINT('Origin',(0.,0.,0.));
#2154=CARTESIAN_POINT('Origin',(0.,0.,0.));
#2155=CARTESIAN_POINT('Origin',(0.,0.,0.1));
#2156=CARTESIAN_POINT('Origin',(0.925592519578489,-0.158234893800053,0.));
#2157=CARTESIAN_POINT('',(0.925592519578489,-0.158234893800053,0.));
#2158=CARTESIAN_POINT('',(0.998355705546631,-0.18187708608176,0.));
#2159=CARTESIAN_POINT('',(0.998355705546631,-0.18187708608176,0.));
#2160=CARTESIAN_POINT('',(0.99835570554663,-0.18187708608176,0.1));
#2161=CARTESIAN_POINT('',(0.998355705546631,-0.18187708608176,0.));
#2162=CARTESIAN_POINT('',(0.925592519578489,-0.158234893800053,0.1));
#2163=CARTESIAN_POINT('',(0.998355705546631,-0.18187708608176,0.1));
#2164=CARTESIAN_POINT('',(0.925592519578489,-0.158234893800053,0.));
#2165=CARTESIAN_POINT('Origin',(0.,0.,0.));
#2166=CARTESIAN_POINT('',(0.841828215179061,-0.416034914453111,0.));
#2167=CARTESIAN_POINT('Origin',(0.,0.,0.));
#2168=CARTESIAN_POINT('',(0.841828215179061,-0.41603491445311,0.1));
#2169=CARTESIAN_POINT('Origin',(0.,0.,0.1));
#2170=CARTESIAN_POINT('',(0.841828215179061,-0.416034914453111,0.));
#2171=CARTESIAN_POINT('Origin',(0.914591401147202,-0.439677106734817,0.));
#2172=CARTESIAN_POINT('',(0.914591401147202,-0.439677106734817,0.));
#2173=CARTESIAN_POINT('',(0.787767723642862,-0.398469595964967,0.));
#2174=CARTESIAN_POINT('',(0.914591401147202,-0.439677106734817,0.1));
#2175=CARTESIAN_POINT('',(0.787767723642862,-0.398469595964967,0.1));
#2176=CARTESIAN_POINT('',(0.914591401147202,-0.439677106734817,0.));
#2177=CARTESIAN_POINT('Origin',(0.,0.,0.));
#2178=CARTESIAN_POINT('Origin',(0.,0.,0.));
#2179=CARTESIAN_POINT('Origin',(0.,0.,0.1));
#2180=CARTESIAN_POINT('Origin',(0.436514145269891,0.83139352589184,0.));
#2181=CARTESIAN_POINT('',(0.436514145269891,0.83139352589184,0.));
#2182=CARTESIAN_POINT('',(0.481484267327932,0.89328958885391,0.));
#2183=CARTESIAN_POINT('',(0.481484267327932,0.89328958885391,0.));
#2184=CARTESIAN_POINT('',(0.481484267327932,0.89328958885391,0.1));
#2185=CARTESIAN_POINT('',(0.481484267327932,0.89328958885391,0.));
#2186=CARTESIAN_POINT('',(0.436514145269891,0.83139352589184,0.1));
#2187=CARTESIAN_POINT('',(0.481484267327932,0.89328958885391,0.1));
#2188=CARTESIAN_POINT('',(0.436514145269891,0.83139352589184,0.));
#2189=CARTESIAN_POINT('Origin',(0.,0.,0.));
#2190=CARTESIAN_POINT('',(0.655811941231587,0.672064350827826,0.));
#2191=CARTESIAN_POINT('Origin',(0.,0.,0.));
#2192=CARTESIAN_POINT('',(0.655811941231587,0.672064350827826,0.1));
#2193=CARTESIAN_POINT('Origin',(0.,0.,0.1));
#2194=CARTESIAN_POINT('',(0.655811941231587,0.672064350827826,0.));
#2195=CARTESIAN_POINT('Origin',(0.700782063289628,0.733960413789895,0.));
#2196=CARTESIAN_POINT('',(0.700782063289628,0.733960413789895,0.));
#2197=CARTESIAN_POINT('',(0.622400720013691,0.62607775000265,0.));
#2198=CARTESIAN_POINT('',(0.700782063289628,0.733960413789895,0.1));
#2199=CARTESIAN_POINT('',(0.622400720013691,0.62607775000265,0.1));
#2200=CARTESIAN_POINT('',(0.700782063289628,0.733960413789895,0.));
#2201=CARTESIAN_POINT('Origin',(0.,0.,0.));
#2202=CARTESIAN_POINT('Origin',(0.,0.,0.));
#2203=CARTESIAN_POINT('Origin',(0.,0.,0.1));
#2204=CARTESIAN_POINT('Origin',(0.,0.,0.));
#2205=CARTESIAN_POINT('',(0.954934106135937,-0.828459592446958,0.));
#2206=CARTESIAN_POINT('',(1.19493410613594,-0.412767398630428,0.));
#2207=CARTESIAN_POINT('Origin',(0.,0.,0.));
#2208=CARTESIAN_POINT('',(1.19493410613594,-0.412767398630428,0.1));
#2209=CARTESIAN_POINT('',(1.19493410613594,-0.412767398630428,0.));
#2210=CARTESIAN_POINT('',(0.954934106135937,-0.828459592446959,0.1));
#2211=CARTESIAN_POINT('Origin',(0.,0.,0.1));
#2212=CARTESIAN_POINT('',(0.954934106135937,-0.828459592446958,0.));
#2213=CARTESIAN_POINT('Origin',(1.16230261638975,-0.948183857663449,0.));
#2214=CARTESIAN_POINT('',(1.16230261638975,-0.948183857663449,0.));
#2215=CARTESIAN_POINT('',(1.17903810567666,-0.957846096908265,0.));
#2216=CARTESIAN_POINT('',(1.16230261638975,-0.948183857663449,0.1));
#2217=CARTESIAN_POINT('',(1.17903810567666,-0.957846096908265,0.1));
#2218=CARTESIAN_POINT('',(1.16230261638975,-0.948183857663449,0.));
#2219=CARTESIAN_POINT('Origin',(0.,0.,0.));
#2220=CARTESIAN_POINT('',(1.40230261638975,-0.532491663846919,0.));
#2221=CARTESIAN_POINT('Origin',(0.,0.,0.));
#2222=CARTESIAN_POINT('',(1.40230261638975,-0.532491663846919,0.1));
#2223=CARTESIAN_POINT('Origin',(0.,0.,0.1));
#2224=CARTESIAN_POINT('',(1.40230261638975,-0.532491663846919,0.));
#2225=CARTESIAN_POINT('Origin',(1.19493410613594,-0.412767398630428,0.));
#2226=CARTESIAN_POINT('',(1.41903810567666,-0.542153903091735,0.));
#2227=CARTESIAN_POINT('',(1.41903810567666,-0.542153903091735,0.1));
#2228=CARTESIAN_POINT('Origin',(0.135533491562268,-0.929188068466503,0.));
#2229=CARTESIAN_POINT('',(0.135533491562268,-0.929188068466503,0.));
#2230=CARTESIAN_POINT('',(0.135533491562267,-1.00569580982723,0.));
#2231=CARTESIAN_POINT('',(0.135533491562267,-1.00569580982723,0.));
#2232=CARTESIAN_POINT('',(0.135533491562268,-1.00569580982723,0.1));
#2233=CARTESIAN_POINT('',(0.135533491562267,-1.00569580982723,0.));
#2234=CARTESIAN_POINT('',(0.135533491562268,-0.929188068466503,0.1));
#2235=CARTESIAN_POINT('',(0.135533491562267,-1.00569580982723,0.1));
#2236=CARTESIAN_POINT('',(0.135533491562268,-0.929188068466503,0.));
#2237=CARTESIAN_POINT('Origin',(0.,0.,0.));
#2238=CARTESIAN_POINT('',(-0.135533491562268,-0.929188068466503,0.));
#2239=CARTESIAN_POINT('Origin',(0.,0.,0.));
#2240=CARTESIAN_POINT('',(-0.135533491562268,-0.929188068466503,0.1));
#2241=CARTESIAN_POINT('Origin',(0.,0.,0.1));
#2242=CARTESIAN_POINT('',(-0.135533491562268,-0.929188068466503,0.));
#2243=CARTESIAN_POINT('Origin',(-0.135533491562268,-1.00569580982723,0.));
#2244=CARTESIAN_POINT('',(-0.135533491562268,-1.00569580982723,0.));
#2245=CARTESIAN_POINT('',(-0.135533491562268,-0.872345503792438,0.));
#2246=CARTESIAN_POINT('',(-0.135533491562268,-1.00569580982723,0.1));
#2247=CARTESIAN_POINT('',(-0.135533491562268,-0.872345503792438,0.1));
#2248=CARTESIAN_POINT('',(-0.135533491562268,-1.00569580982723,0.));
#2249=CARTESIAN_POINT('Origin',(0.,0.,0.));
#2250=CARTESIAN_POINT('Origin',(0.,0.,0.));
#2251=CARTESIAN_POINT('Origin',(0.,0.,0.1));
#2252=CARTESIAN_POINT('Origin',(0.,0.,0.));
#2253=CARTESIAN_POINT('',(0.242497895508289,-1.48026847925437,0.));
#2254=CARTESIAN_POINT('',(-0.242497895508289,-1.48026847925437,0.));
#2255=CARTESIAN_POINT('Origin',(0.,0.,0.));
#2256=CARTESIAN_POINT('',(-0.242497895508289,-1.48026847925437,0.1));
#2257=CARTESIAN_POINT('',(-0.242497895508289,-1.48026847925437,0.));
#2258=CARTESIAN_POINT('',(0.242497895508289,-1.48026847925437,0.1));
#2259=CARTESIAN_POINT('Origin',(0.,0.,0.1));
#2260=CARTESIAN_POINT('',(0.242497895508289,-1.48026847925437,0.));
#2261=CARTESIAN_POINT('Origin',(0.242497895508289,-1.2407413969289,0.));
#2262=CARTESIAN_POINT('',(0.242497895508289,-1.2407413969289,0.));
#2263=CARTESIAN_POINT('',(0.242497895508289,-1.775,0.));
#2264=CARTESIAN_POINT('',(0.242497895508289,-1.2407413969289,0.1));
#2265=CARTESIAN_POINT('',(0.242497895508289,-1.775,0.1));
#2266=CARTESIAN_POINT('',(0.242497895508289,-1.2407413969289,0.));
#2267=CARTESIAN_POINT('Origin',(0.,0.,0.));
#2268=CARTESIAN_POINT('',(-0.24249789550829,-1.2407413969289,0.));
#2269=CARTESIAN_POINT('Origin',(0.,0.,0.));
#2270=CARTESIAN_POINT('',(-0.24249789550829,-1.2407413969289,0.1));
#2271=CARTESIAN_POINT('Origin',(0.,0.,0.1));
#2272=CARTESIAN_POINT('',(-0.24249789550829,-1.2407413969289,0.));
#2273=CARTESIAN_POINT('Origin',(-0.242497895508289,-1.48026847925437,0.));
#2274=CARTESIAN_POINT('',(-0.242497895508289,-1.225,0.));
#2275=CARTESIAN_POINT('',(-0.242497895508289,-1.225,0.1));
#2276=CARTESIAN_POINT('Origin',(-0.841828215179061,-0.41603491445311,0.));
#2277=CARTESIAN_POINT('',(-0.841828215179061,-0.41603491445311,0.));
#2278=CARTESIAN_POINT('',(-0.914591401147202,-0.439677106734818,0.));
#2279=CARTESIAN_POINT('',(-0.914591401147202,-0.439677106734818,0.));
#2280=CARTESIAN_POINT('',(-0.914591401147202,-0.439677106734818,0.1));
#2281=CARTESIAN_POINT('',(-0.914591401147202,-0.439677106734818,0.));
#2282=CARTESIAN_POINT('',(-0.841828215179061,-0.41603491445311,0.1));
#2283=CARTESIAN_POINT('',(-0.914591401147202,-0.439677106734818,0.1));
#2284=CARTESIAN_POINT('',(-0.841828215179061,-0.41603491445311,0.));
#2285=CARTESIAN_POINT('Origin',(0.,0.,0.));
#2286=CARTESIAN_POINT('',(-0.925592519578489,-0.158234893800053,0.));
#2287=CARTESIAN_POINT('Origin',(0.,0.,0.));
#2288=CARTESIAN_POINT('',(-0.925592519578489,-0.158234893800053,0.1));
#2289=CARTESIAN_POINT('Origin',(0.,0.,0.1));
#2290=CARTESIAN_POINT('',(-0.925592519578489,-0.158234893800053,0.));
#2291=CARTESIAN_POINT('Origin',(-0.998355705546631,-0.18187708608176,0.));
#2292=CARTESIAN_POINT('',(-0.998355705546631,-0.18187708608176,0.));
#2293=CARTESIAN_POINT('',(-0.871532028042291,-0.14066957531191,0.));
#2294=CARTESIAN_POINT('',(-0.998355705546631,-0.18187708608176,0.1));
#2295=CARTESIAN_POINT('',(-0.871532028042291,-0.14066957531191,0.1));
#2296=CARTESIAN_POINT('',(-0.998355705546631,-0.18187708608176,0.));
#2297=CARTESIAN_POINT('Origin',(0.,0.,0.));
#2298=CARTESIAN_POINT('Origin',(0.,0.,0.));
#2299=CARTESIAN_POINT('Origin',(0.,0.,0.1));
#2300=CARTESIAN_POINT('Origin',(0.,0.,0.));
#2301=CARTESIAN_POINT('',(-0.954934106135936,0.828459592446959,0.));
#2302=CARTESIAN_POINT('',(-1.19493410613594,0.412767398630428,0.));
#2303=CARTESIAN_POINT('Origin',(0.,0.,0.));
#2304=CARTESIAN_POINT('',(-1.19493410613594,0.412767398630428,0.1));
#2305=CARTESIAN_POINT('',(-1.19493410613594,0.412767398630428,0.));
#2306=CARTESIAN_POINT('',(-0.954934106135936,0.828459592446959,0.1));
#2307=CARTESIAN_POINT('Origin',(0.,0.,0.1));
#2308=CARTESIAN_POINT('',(-0.954934106135936,0.828459592446959,0.));
#2309=CARTESIAN_POINT('Origin',(-1.16230261638975,0.948183857663449,0.));
#2310=CARTESIAN_POINT('',(-1.16230261638975,0.948183857663449,0.));
#2311=CARTESIAN_POINT('',(-1.17903810567666,0.957846096908265,0.));
#2312=CARTESIAN_POINT('',(-1.16230261638975,0.948183857663449,0.1));
#2313=CARTESIAN_POINT('',(-1.17903810567666,0.957846096908265,0.1));
#2314=CARTESIAN_POINT('',(-1.16230261638975,0.948183857663449,0.));
#2315=CARTESIAN_POINT('Origin',(0.,0.,0.));
#2316=CARTESIAN_POINT('',(-1.40230261638975,0.532491663846919,0.));
#2317=CARTESIAN_POINT('Origin',(0.,0.,0.));
#2318=CARTESIAN_POINT('',(-1.40230261638975,0.532491663846919,0.1));
#2319=CARTESIAN_POINT('Origin',(0.,0.,0.1));
#2320=CARTESIAN_POINT('',(-1.40230261638975,0.532491663846919,0.));
#2321=CARTESIAN_POINT('Origin',(-1.19493410613594,0.412767398630428,0.));
#2322=CARTESIAN_POINT('',(-1.41903810567666,0.542153903091734,0.));
#2323=CARTESIAN_POINT('',(-1.41903810567666,0.542153903091734,0.1));
#2324=CARTESIAN_POINT('Origin',(-0.655811941231587,0.672064350827826,0.));
#2325=CARTESIAN_POINT('',(-0.655811941231587,0.672064350827826,0.));
#2326=CARTESIAN_POINT('',(-0.700782063289628,0.733960413789895,0.));
#2327=CARTESIAN_POINT('',(-0.700782063289628,0.733960413789895,0.));
#2328=CARTESIAN_POINT('',(-0.700782063289628,0.733960413789895,0.1));
#2329=CARTESIAN_POINT('',(-0.700782063289628,0.733960413789895,0.));
#2330=CARTESIAN_POINT('',(-0.655811941231587,0.672064350827826,0.1));
#2331=CARTESIAN_POINT('',(-0.700782063289628,0.733960413789895,0.1));
#2332=CARTESIAN_POINT('',(-0.655811941231587,0.672064350827826,0.));
#2333=CARTESIAN_POINT('Origin',(0.,0.,0.));
#2334=CARTESIAN_POINT('',(-0.436514145269891,0.831393525891841,0.));
#2335=CARTESIAN_POINT('Origin',(0.,0.,0.));
#2336=CARTESIAN_POINT('',(-0.436514145269891,0.831393525891841,0.1));
#2337=CARTESIAN_POINT('Origin',(0.,0.,0.1));
#2338=CARTESIAN_POINT('',(-0.436514145269891,0.831393525891841,0.));
#2339=CARTESIAN_POINT('Origin',(-0.481484267327932,0.89328958885391,0.));
#2340=CARTESIAN_POINT('',(-0.481484267327932,0.89328958885391,0.));
#2341=CARTESIAN_POINT('',(-0.403102924051995,0.785406925066665,0.));
#2342=CARTESIAN_POINT('',(-0.481484267327932,0.89328958885391,0.1));
#2343=CARTESIAN_POINT('',(-0.403102924051995,0.785406925066665,0.1));
#2344=CARTESIAN_POINT('',(-0.481484267327932,0.89328958885391,0.));
#2345=CARTESIAN_POINT('Origin',(0.,0.,0.));
#2346=CARTESIAN_POINT('Origin',(0.,0.,0.));
#2347=CARTESIAN_POINT('Origin',(0.,0.,0.1));
#2348=CARTESIAN_POINT('Origin',(0.,0.,0.));
#2349=CARTESIAN_POINT('',(-1.60676695085503,-1.74838271594513E-16,0.1));
#2350=CARTESIAN_POINT('Origin',(0.,0.,0.1));
#2351=CARTESIAN_POINT('',(-1.60676695085503,-1.96772200334036E-16,0.));
#2352=CARTESIAN_POINT('',(-1.60676695085503,-1.96772200334036E-16,0.));
#2353=CARTESIAN_POINT('Origin',(0.,0.,0.));
#2354=CARTESIAN_POINT('Origin',(0.,0.,0.1));
#2355=CARTESIAN_POINT('Origin',(0.,0.,0.));
#2356=UNCERTAINTY_MEASURE_WITH_UNIT(LENGTH_MEASURE(0.000393700787401575),
#2361,'DISTANCE_ACCURACY_VALUE',
'Maximum model space distance between geometric entities at asserted c
onnectivities');
#2357=UNCERTAINTY_MEASURE_WITH_UNIT(LENGTH_MEASURE(0.000393700787401575),
#2361,'DISTANCE_ACCURACY_VALUE',
'Maximum model space distance between geometric entities at asserted c
onnectivities');
#2358=(
GEOMETRIC_REPRESENTATION_CONTEXT(3)
GLOBAL_UNCERTAINTY_ASSIGNED_CONTEXT((#2356))
GLOBAL_UNIT_ASSIGNED_CONTEXT((#2361,#2365,#2366))
REPRESENTATION_CONTEXT('','3D')
);
#2359=(
GEOMETRIC_REPRESENTATION_CONTEXT(3)
GLOBAL_UNCERTAINTY_ASSIGNED_CONTEXT((#2357))
GLOBAL_UNIT_ASSIGNED_CONTEXT((#2361,#2365,#2366))
REPRESENTATION_CONTEXT('','3D')
);
#2360=DIMENSIONAL_EXPONENTS(1.,0.,0.,0.,0.,0.,0.);
#2361=(
CONVERSION_BASED_UNIT('inch',#2364)
LENGTH_UNIT()
NAMED_UNIT(#2360)
);
#2362=(
LENGTH_UNIT()
NAMED_UNIT(*)
SI_UNIT(.MILLI.,.METRE.)
);
#2363=(
LENGTH_UNIT()
NAMED_UNIT(*)
SI_UNIT($,.METRE.)
);
#2364=LENGTH_MEASURE_WITH_UNIT(LENGTH_MEASURE(25.4),#2362);
#2365=(
NAMED_UNIT(*)
PLANE_ANGLE_UNIT()
SI_UNIT($,.RADIAN.)
);
#2366=(
NAMED_UNIT(*)
SI_UNIT($,.STERADIAN.)
SOLID_ANGLE_UNIT()
);
#2367=SHAPE_DEFINITION_REPRESENTATION(#2368,#2369);
#2368=PRODUCT_DEFINITION_SHAPE('',$,#2371);
#2369=SHAPE_REPRESENTATION('',(#1420),#2358);
#2370=PRODUCT_DEFINITION_CONTEXT('part definition',#2375,'design');
#2371=PRODUCT_DEFINITION('2026-04-19-14-56-41-890','PokerChip',#2372,#2370);
#2372=PRODUCT_DEFINITION_FORMATION('',$,#2377);
#2373=PRODUCT_RELATED_PRODUCT_CATEGORY('PokerChip','PokerChip',(#2377));
#2374=APPLICATION_PROTOCOL_DEFINITION('international standard',
'automotive_design',2009,#2375);
#2375=APPLICATION_CONTEXT(
'Core Data for Automotive Mechanical Design Process');
#2376=PRODUCT_CONTEXT('part definition',#2375,'mechanical');
#2377=PRODUCT('2026-04-19-14-56-41-890','PokerChip',$,(#2376));
#2378=PRESENTATION_STYLE_ASSIGNMENT((#2379));
#2379=SURFACE_STYLE_USAGE(.BOTH.,#2380);
#2380=SURFACE_SIDE_STYLE('',(#2381));
#2381=SURFACE_STYLE_FILL_AREA(#2382);
#2382=FILL_AREA_STYLE('Steel - Satin',(#2383));
#2383=FILL_AREA_STYLE_COLOUR('Steel - Satin',#2384);
#2384=COLOUR_RGB('Steel - Satin',0.627450980392157,0.627450980392157,0.627450980392157);
ENDSEC;
END-ISO-10303-21;
